,company,qtr_end_date,qtr_end_closing_price,Shares Outstanding,quarter,year,Net sales,Total expenses,PAT,ann_date,early_ann,stck_ann,next_day
0,Housing Development Finance Corpn. Ltd.,2007-06-29 00:00:00,406.04,253006607,1,2007,18045.6,14575.8,3728.1,2007-07-10 13:42:01,1,,
1,H D F C Bank Ltd.,2007-06-29 00:00:00,114.41,333187008,1,2007,20691.6,23204.7,3212.3,2007-07-10 13:42:01,0,,
2,L I C Housing Finance Ltd.,2007-06-29 00:00:00,41.28,84932600,1,2007,4529.1,4151.3,466.9,2007-07-17 16:51:51,0,,
3,I C I C I Bank Ltd.,2007-06-29 00:00:00,173.69,1011610904,1,2007,73308.3,85063.4,7750.8,2007-07-21 12:57:45,0,,
4,Canara Bank,2007-06-29 00:00:00,262.28,410000000,1,2007,33799.7,35195.2,2405.5,2007-07-25 13:29:58,0,,
5,Bank Of Baroda,2007-06-29 00:00:00,54.05,364266000,1,2007,26004.4,26939.6,3308.4,2007-07-28 00:00:00,0,,
6,State Bank Of India,2007-06-29 00:00:00,143.92,526298878,1,2007,110905,108032.8,14258.1,2007-07-28 13:12:32,0,,
7,Max Financial Services Ltd.,2007-06-29 00:00:00,242.4,221568715,1,2007,482.6,613.8,38.1,2007-07-31 17:47:57,0,,
12,Kotak Mahindra Bank Ltd.,2007-06-29 00:00:00,168.13,326428115,1,2007,4972.2,5467.6,476.8,2007-10-26 13:25:33,0,,
8,Housing Development Finance Corpn. Ltd.,2007-09-28 00:00:00,505.45,271551427,2,2007,18886,18023.1,4034.4,2007-10-12 12:56:43,1,,
9,H D F C Bank Ltd.,2007-09-28 00:00:00,143.91,353451920,2,2007,23627.6,24766.6,3684.8,2007-10-12 12:56:43,0,,
10,I C I C I Bank Ltd.,2007-09-28 00:00:00,193.3,1111912138,2,2007,75243.6,85937,10026,2007-10-19 16:13:16,0,,
11,L I C Housing Finance Ltd.,2007-09-28 00:00:00,47.91,84932600,2,2007,5232.3,4220.2,1163.8,2007-10-22 12:05:54,0,,
13,State Bank Of India,2007-09-28 00:00:00,184.05,526298878,2,2007,116162.8,120468,16114.2,2007-10-27 17:57:59,0,,
14,Max Financial Services Ltd.,2007-09-28 00:00:00,241.3,221734965,2,2007,976.5,831.2,169.2,2007-10-29 16:28:45,0,,
15,Bank Of Baroda,2007-09-28 00:00:00,65.32,364266400,2,2007,28797.7,30066.4,3271.9,2007-10-31 00:00:00,0,,
16,Canara Bank,2007-09-28 00:00:00,270.6,410000000,2,2007,34826,36530.9,4015.7,2007-10-31 14:23:35,0,,
19,Kotak Mahindra Bank Ltd.,2007-09-28 00:00:00,230.41,326950052,2,2007,5918.1,6387.8,753.8,2008-01-21 13:53:31,0,,
17,L I C Housing Finance Ltd.,2007-12-31 00:00:00,76.39,84932600,3,2007,5488,4439.8,1060.2,2008-01-16 13:25:41,1,,
18,I C I C I Bank Ltd.,2007-12-31 00:00:00,224.07,1112540798,3,2007,79117.7,91081.5,12302.1,2008-01-19 14:57:09,0,,
20,Housing Development Finance Corpn. Ltd.,2007-12-31 00:00:00,574.49,281570039,3,2007,20469.3,16267.3,6489.3,2008-01-21 16:28:32,0,,
21,H D F C Bank Ltd.,2007-12-31 00:00:00,172.78,354075320,3,2007,27269,29764.3,4293.6,2008-01-21 16:28:32,0,,
22,Canara Bank,2007-12-31 00:00:00,322.98,410000000,3,2007,35501.6,36377.7,4588.3,2008-01-23 12:47:58,0,,
23,State Bank Of India,2007-12-31 00:00:00,223.71,526298878,3,2007,126668.2,135553.6,18086.4,2008-01-24 20:15:54,0,,
24,Max Financial Services Ltd.,2007-12-31 00:00:00,262.05,221734965,3,2007,1039.8,828,209.5,2008-01-28 16:16:08,0,,
25,Bank Of Baroda,2007-12-31 00:00:00,91.92,364266400,3,2007,30021.9,31191.3,5010.5,2008-01-30 00:00:00,0,,
26,H D F C Bank Ltd.,2008-03-31 00:00:00,132,354432920,4,2007,29561.8,30344.1,4711.1,2008-04-24 14:25:44,1,,
27,Housing Development Finance Corpn. Ltd.,2008-03-31 00:00:00,476.75,284037985,4,2007,23096.7,17541.6,7681.2,2008-04-24 14:25:44,0,,
28,L I C Housing Finance Ltd.,2008-03-31 00:00:00,55.93,84932600,4,2007,6067.7,5124.5,1181,2008-04-25 13:16:18,0,,
29,I C I C I Bank Ltd.,2008-03-31 00:00:00,140.02,1112687495,4,2007,80292.7,92410.8,11498.4,2008-04-26 15:58:09,0,,
30,Canara Bank,2008-03-31 00:00:00,219.05,410000000,4,2007,37880,40382.1,4640.6,2008-04-26 16:14:23,0,,
31,Kotak Mahindra Bank Ltd.,2007-12-31 00:00:00,324.05,344211337,3,2007,6826.5,7855.2,1016.7,2008-05-09 14:16:43,0,,
32,Bank Of Baroda,2008-03-31 00:00:00,56.78,364266400,4,2007,33310.7,36092.6,2764.4,2008-05-20 00:00:00,0,,
33,Max Financial Services Ltd.,2008-03-31 00:00:00,147,221742545,4,2007,1108.3,916.9,202.2,2008-05-20 08:30:26,0,,
34,State Bank Of India,2008-03-31 00:00:00,159.88,631470376,4,2007,135767.3,145106.8,18832.5,2008-05-27 21:52:31,0,,
35,Bajaj Finserv Ltd.,2008-06-30 00:00:00,52.79,144683510,1,2008,268,175.5,96.6,2008-07-09 00:00:00,1,,
36,Max Financial Services Ltd.,2008-06-30 00:00:00,154.8,222022720,1,2008,1146.6,1070.3,136.1,2008-07-18 16:14:37,0,,
37,Canara Bank,2008-06-30 00:00:00,173.14,410000000,1,2008,37305.4,39763.7,1226.8,2008-07-21 12:41:32,0,,
38,L I C Housing Finance Ltd.,2008-06-30 00:00:00,53.03,84932600,1,2008,6199.4,5184.2,1046.6,2008-07-21 13:29:57,0,,
39,State Bank Of India,2008-06-30 00:00:00,111.15,634880222,1,2008,137992,145622.8,16407.9,2008-07-26 13:55:15,0,,
40,I C I C I Bank Ltd.,2008-06-30 00:00:00,114.58,1113092261,1,2008,78918,87019.7,7280.1,2008-07-26 14:07:28,0,,
41,Kotak Mahindra Bank Ltd.,2008-03-31 00:00:00,157.14,344672842,4,2007,7636.7,7338.1,692.1,2008-07-28 11:56:33,0,,
42,Housing Development Finance Corpn. Ltd.,2008-06-30 00:00:00,392.48,284210170,1,2008,23134.8,18505.1,4681.1,2008-07-28 13:48:27,0,,
43,H D F C Bank Ltd.,2008-06-30 00:00:00,100.23,424616776,1,2008,36217.3,37508,4643.5,2008-07-28 13:48:27,0,,
44,Bank Of Baroda,2008-06-30 00:00:00,40.65,364266400,1,2008,32938.2,34355.1,3708.6,2008-07-29 00:00:00,0,,
45,Housing Development Finance Corpn. Ltd.,2008-09-30 00:00:00,428.23,284231755,2,2008,25925.4,20863.6,5342.3,2008-10-16 15:47:57,1,,
46,H D F C Bank Ltd.,2008-09-30 00:00:00,122.9,425029476,2,2008,39912.1,41063.4,5279.8,2008-10-16 15:47:57,0,,
47,Canara Bank,2008-09-30 00:00:00,183.59,410000000,2,2008,41092,39185.4,5294.3,2008-10-20 12:29:05,0,,
48,L I C Housing Finance Ltd.,2008-09-30 00:00:00,57.23,84932600,2,2008,7046.8,5788.5,1350.7,2008-10-21 13:54:58,0,,
49,Bajaj Finserv Ltd.,2008-09-30 00:00:00,37.73,144683510,2,2008,315.2,177,142.3,2008-10-22 00:00:00,0,,
50,Max Financial Services Ltd.,2008-09-30 00:00:00,165.85,222022720,2,2008,1215.8,1098.8,117.3,2008-10-22 15:25:33,0,,
51,Bank Of Baroda,2008-09-30 00:00:00,59.51,364266500,2,2008,35509.8,36316.1,3952.9,2008-10-25 00:00:00,0,,
52,State Bank Of India,2008-09-30 00:00:00,146.57,634880222,2,2008,155665,156499.2,22597.2,2008-10-27 09:55:27,0,,
53,I C I C I Bank Ltd.,2008-09-30 00:00:00,97.25,1113249042,2,2008,78349.8,86981,10142.1,2008-10-27 12:41:24,0,,
54,Kotak Mahindra Bank Ltd.,2008-06-30 00:00:00,115.3,345047721,1,2008,7124.7,7410.7,545.3,2008-10-31 14:41:16,0,,
55,H D F C Bank Ltd.,2008-12-31 00:00:00,99.76,425144428,3,2008,44685,47861.5,6217.4,2009-01-14 13:41:42,1,,
56,Housing Development Finance Corpn. Ltd.,2008-12-31 00:00:00,297.51,284448366,3,2008,29196.2,23783.6,5468.3,2009-01-14 13:41:42,0,,
57,Bajaj Finserv Ltd.,2008-12-31 00:00:00,14.59,144683510,3,2008,290.9,184.5,110.5,2009-01-15 00:00:00,0,,
58,L I C Housing Finance Ltd.,2008-12-31 00:00:00,46.11,84932600,3,2008,7650.8,6323.4,1343.4,2009-01-20 13:53:51,0,,
59,Kotak Mahindra Bank Ltd.,2008-09-30 00:00:00,138.7,345341251,2,2008,7461.3,7589,478.7,2009-01-22 15:05:02,0,,
60,Canara Bank,2008-12-31 00:00:00,182.67,410000000,3,2008,46254.4,46814,7015,2009-01-23 11:35:35,0,,
61,State Bank Of India,2008-12-31 00:00:00,128.83,634880222,3,2008,170803.4,178274.8,24784.2,2009-01-24 13:18:28,0,,
62,I C I C I Bank Ltd.,2008-12-31 00:00:00,81.52,1113250642,3,2008,78360.8,90784.7,12721.5,2009-01-24 15:22:34,0,,
63,Max Financial Services Ltd.,2008-12-31 00:00:00,115.75,222030310,3,2008,900.4,875.4,32.6,2009-01-28 13:48:24,0,,
64,Bank Of Baroda,2008-12-31 00:00:00,56.09,364266500,3,2008,41080,43151.9,7083.7,2009-01-29 00:00:00,0,,
65,L I C Housing Finance Ltd.,2009-03-31 00:00:00,44.91,84932600,4,2008,7904.8,6485.3,1575.6,2009-04-23 14:00:48,1,,
66,Housing Development Finance Corpn. Ltd.,2009-03-31 00:00:00,282.24,284453910,4,2008,31457.7,24202.4,7333.7,2009-04-23 17:49:46,0,,
67,H D F C Bank Ltd.,2009-03-31 00:00:00,96.79,425384109,4,2008,42508.3,47346.4,6308.8,2009-04-23 17:49:46,0,,
68,I C I C I Bank Ltd.,2009-03-31 00:00:00,60.47,1113250642,4,2008,75296.9,84596,7437.6,2009-04-25 15:43:50,0,,
69,Bank Of Baroda,2009-03-31 00:00:00,46.91,364266500,4,2008,41387.8,42397.2,7526.9,2009-04-27 00:00:00,0,,
70,Canara Bank,2009-03-31 00:00:00,161.37,410000000,4,2008,46538.8,47815.4,7188.1,2009-04-29 13:40:29,0,,
71,Kotak Mahindra Bank Ltd.,2008-12-31 00:00:00,89.33,345473542,3,2008,8035.1,8414.1,711.3,2009-05-12 15:19:18,0,,
72,State Bank Of India,2009-03-31 00:00:00,106.66,634880222,4,2008,173423.9,193183,27423.1,2009-05-14 11:16:37,0,,
73,Bajaj Finserv Ltd.,2009-03-31 00:00:00,16.5,144683510,4,2008,246.2,186.6,64.2,2009-05-20 00:00:00,0,,
74,Max Financial Services Ltd.,2009-03-31 00:00:00,96.65,222030310,4,2008,909.6,958.2,-67.6,2009-06-26 14:34:52,0,,
75,Housing Development Finance Corpn. Ltd.,2009-06-30 00:00:00,469.08,284560354,1,2009,27928.9,22841.5,5649.2,2009-07-14 12:15:58,1,,
76,H D F C Bank Ltd.,2009-06-30 00:00:00,149.18,426183266,1,2009,40931,45306.4,6061.1,2009-07-14 12:15:58,0,,
77,Bajaj Finserv Ltd.,2009-06-30 00:00:00,38.45,144683510,1,2009,324.4,233.4,93.9,2009-07-15 00:00:00,0,,
78,L I C Housing Finance Ltd.,2009-06-30 00:00:00,123.74,94932600,1,2009,7801.9,6580.2,1238.4,2009-07-21 17:05:33,0,,
79,Canara Bank,2009-06-30 00:00:00,255.28,410000000,1,2009,45583.8,44766.2,5553.3,2009-07-22 12:41:41,0,,
80,I C I C I Bank Ltd.,2009-06-30 00:00:00,131.27,1113324087,1,2009,71334.4,83451,8782.2,2009-07-25 14:44:36,0,,
81,Bank Of Baroda,2009-06-30 00:00:00,89.06,364266500,1,2009,40321.1,40887.3,6853.8,2009-07-27 00:00:00,0,,
82,Kotak Mahindra Bank Ltd.,2009-03-31 00:00:00,70.74,345668859,4,2008,8030.2,8171.4,1025.7,2009-07-28 11:48:50,0,,
83,State Bank Of India,2009-06-30 00:00:00,174.21,634880222,1,2009,174727.6,187111.4,23303.7,2009-07-30 12:54:09,0,,
84,Max Financial Services Ltd.,2009-06-30 00:00:00,212.05,232356621,1,2009,838.3,870.5,2.1,2009-07-30 14:30:15,0,,
85,Bajaj Finserv Ltd.,2009-09-30 00:00:00,27.31,144683510,2,2009,372.1,240.6,134.9,2009-10-14 00:00:00,1,,
86,Housing Development Finance Corpn. Ltd.,2009-09-30 00:00:00,555.36,284905462,2,2009,27835.4,21862.9,6639.4,2009-10-14 13:30:49,0,,
87,H D F C Bank Ltd.,2009-09-30 00:00:00,164.23,427357524,2,2009,39918.9,43579.7,6874.6,2009-10-14 13:30:49,0,,
88,Canara Bank,2009-09-30 00:00:00,312.96,410000000,2,2009,47091.6,46915.8,9105.2,2009-10-26 12:40:15,0,,
89,Kotak Mahindra Bank Ltd.,2009-06-30 00:00:00,158.03,346298272,1,2009,7673,8036.2,903.1,2009-10-27 13:34:04,0,,
90,Bank Of Baroda,2009-09-30 00:00:00,96.48,364266500,2,2009,41354.2,40965.7,6341.8,2009-10-28 00:00:00,0,,
91,L I C Housing Finance Ltd.,2009-09-30 00:00:00,154.3,94932600,2,2009,8348.9,7095.6,1712.5,2009-10-29 13:38:44,0,,
92,I C I C I Bank Ltd.,2009-09-30 00:00:00,164.51,1113564145,2,2009,66569.4,74406,10401.3,2009-10-30 13:30:44,0,,
93,Max Financial Services Ltd.,2009-09-30 00:00:00,184.8,232356621,2,2009,904.9,868.9,19.7,2009-10-30 16:46:17,0,,
94,State Bank Of India,2009-09-30 00:00:00,219.57,634880222,2,2009,177758.8,188110,24900.4,2009-10-31 12:59:18,0,,
95,Bajaj Finserv Ltd.,2009-12-31 00:00:00,33.94,144683510,3,2009,309.3,280.7,40.5,2010-01-12 00:00:00,1,,
96,H D F C Bank Ltd.,2009-12-31 00:00:00,170.04,455236564,3,2009,40348.1,41153.9,8185,2010-01-15 13:14:25,0,,
97,Housing Development Finance Corpn. Ltd.,2009-12-31 00:00:00,535.57,285855267,3,2009,27055.7,20909.6,6712.5,2010-01-15 13:14:25,0,,
98,Kotak Mahindra Bank Ltd.,2009-09-30 00:00:00,194.03,346777379,2,2009,7751.5,7629.3,1259.1,2010-01-21 13:36:00,0,,
99,I C I C I Bank Ltd.,2009-12-31 00:00:00,159.22,1114131968,3,2009,60895.7,66616.5,11010.6,2010-01-21 14:29:00,0,,
100,L I C Housing Finance Ltd.,2009-12-31 00:00:00,160.71,94932600,3,2009,8782.2,7269.1,1535.8,2010-01-25 14:03:06,0,,
101,State Bank Of India,2009-12-31 00:00:00,226.94,634880222,3,2009,177796.9,186663.5,24790.5,2010-01-25 16:35:14,0,,
102,Bank Of Baroda,2009-12-31 00:00:00,102.26,364266500,3,2009,41769.7,40041.3,8324.9,2010-01-27 00:00:00,0,,
103,Canara Bank,2009-12-31 00:00:00,380.07,410000000,3,2009,46878.1,44165.2,10525.8,2010-01-28 12:10:19,0,,
104,Max Financial Services Ltd.,2009-12-31 00:00:00,221.1,232356621,3,2009,875.5,893.3,-4,2010-01-29 15:52:51,0,,
105,I C I C I Bank Ltd.,2010-03-31 00:00:00,173.22,1114845314,4,2009,58269.8,67122.5,10055.7,2010-04-24 15:18:21,1,,
106,H D F C Bank Ltd.,2010-03-31 00:00:00,193.25,457743272,4,2009,40531.1,41672.5,8366.2,2010-04-24 15:21:54,0,,
107,Housing Development Finance Corpn. Ltd.,2010-03-31 00:00:00,542.57,287110222,4,2009,28468.8,19729.4,9263.8,2010-04-24 15:21:54,0,,
108,Bank Of Baroda,2010-03-31 00:00:00,127.85,364266500,4,2009,43538.4,42959,9062.8,2010-04-28 00:00:00,0,,
109,Canara Bank,2010-03-31 00:00:00,399.14,410000000,4,2009,47966.2,50036.2,5031,2010-04-28 12:19:55,0,,
110,L I C Housing Finance Ltd.,2010-03-31 00:00:00,174.4,94932600,4,2009,9624.7,7668.6,2135.1,2010-04-28 13:08:23,0,,
111,Bajaj Finserv Ltd.,2010-03-31 00:00:00,32.86,144683510,4,2009,265.2,249.4,24.6,2010-05-11 00:00:00,0,,
112,Kotak Mahindra Bank Ltd.,2009-12-31 00:00:00,200.53,347695925,3,2009,8324.1,8264.5,1423.8,2010-05-11 14:33:49,0,,
113,State Bank Of India,2010-03-31 00:00:00,207.9,634882644,4,2009,179655.9,206075.2,18666,2010-05-14 14:03:55,0,,
114,Max Financial Services Ltd.,2010-03-31 00:00:00,207.35,232374733,4,2009,963.6,968.9,-16.1,2010-05-31 11:21:29,0,,
115,L I C Housing Finance Ltd.,2010-06-30 00:00:00,199.5,94932600,1,2010,10124.5,8029.1,2120.2,2010-07-15 14:02:35,1,,
116,H D F C Bank Ltd.,2010-06-30 00:00:00,191.47,459690703,1,2010,44197.1,45988.6,8117.1,2010-07-19 15:27:38,0,,
117,Housing Development Finance Corpn. Ltd.,2010-06-30 00:00:00,588.2,290951303,1,2010,27971.3,21073.6,6945.9,2010-07-19 15:27:38,0,,
118,Canara Bank,2010-06-30 00:00:00,436.59,410000000,1,2010,51608.8,48814.8,10133.7,2010-07-20 11:05:51,0,,
119,Bajaj Finserv Ltd.,2010-06-30 00:00:00,42.8,144683510,1,2010,290.3,174,124.2,2010-07-21 00:00:00,0,,
120,Kotak Mahindra Bank Ltd.,2010-03-31 00:00:00,187.26,348141477,4,2009,8807.5,9297.5,2025,2010-07-21 11:36:47,0,,
121,Bank Of Baroda,2010-06-30 00:00:00,140.39,364266500,1,2010,47269.6,44850.4,8591.6,2010-07-29 00:00:00,0,,
122,Max Financial Services Ltd.,2010-06-30 00:00:00,153.4,232374733,1,2010,914.5,1244.2,-28.3,2010-07-30 18:00:31,0,,
123,I C I C I Bank Ltd.,2010-06-30 00:00:00,156.73,1115458683,1,2010,58125.4,64670.7,10259.8,2010-07-31 15:05:24,0,,
124,State Bank Of India,2010-06-30 00:00:00,230.21,634883509,1,2010,184521.2,192278.8,29142,2010-08-12 12:50:17,0,,
125,L I C Housing Finance Ltd.,2010-09-30 00:00:00,287.37,94932600,2,2010,11002.2,8732.4,2342.1,2010-10-14 12:32:59,1,,
126,Bajaj Finserv Ltd.,2010-09-30 00:00:00,52.27,144683510,2,2010,476.6,246.4,238.8,2010-10-18 00:00:00,0,,
127,H D F C Bank Ltd.,2010-09-30 00:00:00,248.08,462604850,2,2010,48099.9,48585.6,9121.4,2010-10-19 16:56:24,0,,
128,Housing Development Finance Corpn. Ltd.,2010-09-30 00:00:00,730,1460129450,2,2010,29065.5,21626.8,8075.4,2010-10-19 16:56:24,0,,
129,Kotak Mahindra Bank Ltd.,2010-06-30 00:00:00,192.7,348594399,1,2010,8974.2,8731.4,1869,2010-10-20 13:18:42,0,,
130,Canara Bank,2010-09-30 00:00:00,566.73,410000000,2,2010,55464.8,50691.8,10078.8,2010-10-20 14:32:06,0,,
131,Max Financial Services Ltd.,2010-09-30 00:00:00,169.5,232484410,2,2010,1085.5,1305.8,-189.5,2010-10-27 18:17:01,0,,
132,Bank Of Baroda,2010-09-30 00:00:00,174.56,364266500,2,2010,51586.6,48206.6,10193,2010-10-28 00:00:00,0,,
133,I C I C I Bank Ltd.,2010-09-30 00:00:00,201.88,1147919537,2,2010,63091,66507.6,12362.7,2010-10-29 14:09:48,0,,
134,State Bank Of India,2010-09-30 00:00:00,323.32,634998115,2,2010,198080.9,213119.3,25013.7,2010-11-08 18:04:15,0,,
135,Bajaj Finserv Ltd.,2010-12-31 00:00:00,45.58,144683510,3,2010,242.6,156,111.5,2011-01-18 00:00:00,1,,
136,L I C Housing Finance Ltd.,2010-12-31 00:00:00,195.55,474663000,3,2010,12131.2,11409.3,2134.9,2011-01-19 16:22:38,0,,
137,Kotak Mahindra Bank Ltd.,2010-09-30 00:00:00,237.95,733406704,2,2010,9895.8,9655.9,1947,2011-01-20 13:32:40,0,,
138,State Bank Of India,2010-12-31 00:00:00,281.11,634998115,3,2010,214127.9,218986.7,28280.6,2011-01-22 13:28:27,0,,
139,I C I C I Bank Ltd.,2010-12-31 00:00:00,208.12,1151422189,3,2010,66959.6,70077.3,14370.2,2011-01-24 13:07:35,0,,
140,H D F C Bank Ltd.,2010-12-31 00:00:00,234.65,464329961,3,2010,52299.6,52699.5,10878.3,2011-01-27 17:07:26,0,,
141,Housing Development Finance Corpn. Ltd.,2010-12-31 00:00:00,727.95,1464363840,3,2010,31489.5,24301.6,8908.8,2011-01-27 17:07:26,0,,
142,Bank Of Baroda,2010-12-31 00:00:00,179.3,364266500,3,2010,56661.5,52734.2,10688.8,2011-01-28 00:00:00,0,,
143,Canara Bank,2010-12-31 00:00:00,642.36,410000000,3,2010,58781.5,53388.2,11057.3,2011-01-31 12:51:59,0,,
144,Max Financial Services Ltd.,2010-12-31 00:00:00,147.45,232484410,3,2010,1253.4,1325.4,-68.5,2011-02-11 14:33:55,0,,
145,Housing Development Finance Corpn. Ltd.,2011-03-31 00:00:00,698.9,1466886690,4,2010,36405.6,26429.1,11419.5,2011-04-18 17:14:44,1,,
146,H D F C Bank Ltd.,2011-03-31 00:00:00,234.29,465225684,4,2010,54685.5,56096,11147.1,2011-04-18 17:14:44,0,,
147,Bank Of Baroda,2011-03-31 00:00:00,192.63,391546079,4,2010,63341.6,58743,12943.5,2011-04-28 00:00:00,0,,
148,I C I C I Bank Ltd.,2011-03-31 00:00:00,202.32,1151772372,4,2010,71564.5,73450.1,14521.1,2011-04-28 12:51:53,0,,
149,L I C Housing Finance Ltd.,2011-03-31 00:00:00,225.45,474663000,4,2010,13318.4,10771.5,3147.7,2011-04-28 13:38:10,0,,
150,Canara Bank,2011-03-31 00:00:00,609.04,443000000,4,2010,63887.2,64516.9,8989,2011-05-05 12:39:25,0,,
151,Kotak Mahindra Bank Ltd.,2010-12-31 00:00:00,226.22,736301330,3,2010,11048.5,11165.4,1878.7,2011-05-05 13:45:57,0,,
152,Bajaj Finserv Ltd.,2011-03-31 00:00:00,51.55,144683510,4,2010,188.6,191.5,1408.9,2011-05-17 00:00:00,0,,
153,State Bank Of India,2011-03-31 00:00:00,276.79,634998991,4,2010,217213.5,265159.6,208.8,2011-05-17 13:02:43,0,,
154,Max Financial Services Ltd.,2011-03-31 00:00:00,159.65,232484410,4,2010,1291.6,1452.7,-134.7,2011-06-03 13:22:44,0,,
155,Bajaj Finserv Ltd.,2011-06-30 00:00:00,50.41,144683510,1,2011,257,153.4,122.1,2011-07-13 00:00:00,1,,
156,H D F C Bank Ltd.,2011-06-30 00:00:00,250.26,466771136,1,2011,59779.7,60130.2,10849.8,2011-07-19 13:36:19,0,,
157,Housing Development Finance Corpn. Ltd.,2011-06-30 00:00:00,703.85,1469930700,1,2011,38006.7,29770.7,8445.3,2011-07-19 13:36:19,0,,
158,L I C Housing Finance Ltd.,2011-06-30 00:00:00,241.95,474663000,1,2011,13879.3,11616.8,2565,2011-07-20 13:46:34,0,,
159,Kotak Mahindra Bank Ltd.,2011-03-31 00:00:00,228.43,736871504,4,2010,11979.1,12040.2,2487,2011-07-21 12:24:55,0,,
160,Bank Of Baroda,2011-06-30 00:00:00,174.38,391546079,1,2011,66317.7,62397.9,10328.5,2011-07-27 00:00:00,0,,
161,Canara Bank,2011-06-30 00:00:00,509.97,443000000,1,2011,71565.7,69817.4,7258.5,2011-07-27 12:51:12,0,,
162,I C I C I Bank Ltd.,2011-06-30 00:00:00,198.75,1152129421,1,2011,76185.2,79292.1,13322,2011-07-29 13:33:25,0,,
163,Max Financial Services Ltd.,2011-06-30 00:00:00,183.3,256564110,1,2011,1892.3,2022.3,-17.5,2011-08-12 17:52:10,0,,
164,State Bank Of India,2011-06-30 00:00:00,240.6,634998991,1,2011,241974.4,261481.2,15835.5,2011-08-13 13:33:26,0,,
165,Bajaj Finserv Ltd.,2011-09-30 00:00:00,51.58,144683510,2,2011,617.1,217.1,420.7,2011-10-19 00:00:00,1,,
166,Housing Development Finance Corpn. Ltd.,2011-09-30 00:00:00,639.25,1472215960,2,2011,40770.5,31984.4,9707,2011-10-19 14:02:17,0,,
167,H D F C Bank Ltd.,2011-09-30 00:00:00,233.63,2338312130,2,2011,67177,67300.3,11993.5,2011-10-19 14:02:17,0,,
168,Kotak Mahindra Bank Ltd.,2011-06-30 00:00:00,240.1,737810369,1,2011,13297.8,13064.1,2520.3,2011-10-25 14:39:41,0,,
169,Bank Of Baroda,2011-09-30 00:00:00,152.77,391546079,2,2011,72514.4,68197,11660.8,2011-10-31 00:00:00,0,,
170,Canara Bank,2011-09-30 00:00:00,431.63,443000000,2,2011,76144.7,75850.5,8522.2,2011-10-31 12:49:44,0,,
171,I C I C I Bank Ltd.,2011-09-30 00:00:00,159.15,1152412079,2,2011,81576.2,83939.8,15031.9,2011-10-31 13:46:09,0,,
172,State Bank Of India,2011-09-30 00:00:00,191.11,634999595,2,2011,259670.9,265838.9,28104.3,2011-11-09 11:54:25,0,,
173,L I C Housing Finance Ltd.,2011-09-30 00:00:00,210.9,474663000,2,2011,14928,14169.8,983.9,2011-11-14 12:22:42,0,,
174,Max Financial Services Ltd.,2011-09-30 00:00:00,188.2,264569110,2,2011,1862.4,1993.8,-103.7,2011-11-15 14:57:00,0,,
175,Bajaj Finserv Ltd.,2011-12-30 00:00:00,42.34,144683510,3,2011,283.8,163.3,144.7,2012-01-18 00:00:00,1,,
176,H D F C Bank Ltd.,2011-12-30 00:00:00,213.53,2341315020,3,2011,72026.4,71929.8,14296.6,2012-01-19 14:08:36,0,,
177,Housing Development Finance Corpn. Ltd.,2011-12-30 00:00:00,649.45,1474171910,3,2011,43793.4,34912.6,9812.5,2012-01-19 14:08:36,0,,
178,Kotak Mahindra Bank Ltd.,2011-09-30 00:00:00,229.82,738647472,2,2011,14646.5,14351,2600.1,2012-01-23 14:53:06,0,,
179,Bank Of Baroda,2011-12-30 00:00:00,132.17,391546079,3,2011,76719.9,75314.7,12898.5,2012-01-25 00:00:00,0,,
180,Canara Bank,2011-12-30 00:00:00,353.67,443000000,3,2011,78120.8,76988.9,8755.6,2012-01-27 14:12:38,0,,
181,L I C Housing Finance Ltd.,2011-12-30 00:00:00,221.6,474663000,3,2011,15718.2,13665.3,3056.9,2012-01-30 14:27:35,0,,
182,I C I C I Bank Ltd.,2011-12-30 00:00:00,124.47,1152564657,3,2011,85918.7,87556.3,17281,2012-01-31 13:42:02,0,,
183,State Bank Of India,2011-12-30 00:00:00,161.95,634999595,3,2011,277143.5,265243.3,32630.4,2012-02-13 14:18:16,0,,
184,Max Financial Services Ltd.,2011-12-30 00:00:00,148.25,264569110,3,2011,1770.7,1778.6,-19.1,2012-02-15 10:49:10,0,,
185,Housing Development Finance Corpn. Ltd.,2012-03-30 00:00:00,673.6,1476970010,4,2011,48056.9,35648.9,13261.4,2012-04-18 13:17:14,1,,
186,H D F C Bank Ltd.,2012-03-30 00:00:00,260.02,2346688270,4,2011,75610.5,77368.5,14530.8,2012-04-18 13:17:14,0,,
187,I C I C I Bank Ltd.,2012-03-30 00:00:00,161.32,1152714442,4,2011,91746.4,95013.4,19017.6,2012-04-27 13:20:31,0,,
188,Bank Of Baroda,2012-03-30 00:00:00,158.73,411123383,4,2011,81185.2,78198,15181.8,2012-05-04 00:00:00,0,,
189,L I C Housing Finance Ltd.,2012-03-30 00:00:00,263.05,504663000,4,2011,16623.1,14378.1,2536,2012-05-04 11:12:37,0,,
190,Kotak Mahindra Bank Ltd.,2011-12-30 00:00:00,216.13,739567213,3,2011,16409.8,16480,2760.8,2012-05-08 14:07:45,0,,
191,Canara Bank,2012-03-30 00:00:00,460.71,443000000,4,2011,82675.1,82076.8,8290.9,2012-05-10 14:31:29,0,,
192,Bajaj Finserv Ltd.,2012-03-30 00:00:00,60.07,144683510,4,2011,199.8,142.3,78.2,2012-05-16 00:00:00,0,,
193,State Bank Of India,2012-03-30 00:00:00,209.5,671044838,4,2011,285827.8,299092.7,40502.7,2012-05-18 12:28:07,0,,
194,Max Financial Services Ltd.,2012-03-30 00:00:00,168.6,264569110,4,2011,1944.3,1923.3,-13.9,2012-06-05 15:00:44,0,,
195,H D F C Bank Ltd.,2012-06-29 00:00:00,281.75,2355919375,1,2012,81757.4,84077.8,14173.9,2012-07-13 18:40:47,1,,
196,Housing Development Finance Corpn. Ltd.,2012-06-29 00:00:00,654.45,1488633330,1,2012,49147.1,39404,10019.1,2012-07-13 18:40:47,0,,
197,Bajaj Finserv Ltd.,2012-06-29 00:00:00,67.08,144683510,1,2012,250,175.5,100.2,2012-07-17 00:00:00,0,,
198,Kotak Mahindra Bank Ltd.,2012-03-30 00:00:00,271.23,740689510,4,2011,17448.3,17100.9,2969.3,2012-07-19 12:01:01,0,,
199,Canara Bank,2012-06-29 00:00:00,401.13,443000000,1,2012,84728.6,83902.3,7752.4,2012-07-24 12:51:53,0,,
200,L I C Housing Finance Ltd.,2012-06-29 00:00:00,269.15,504663000,1,2012,17464.5,15395.5,2277.5,2012-07-24 13:42:06,0,,
201,I C I C I Bank Ltd.,2012-06-29 00:00:00,163.56,1152874294,1,2012,95456.5,96105.2,18150.5,2012-07-27 12:32:16,0,,
202,Bank Of Baroda,2012-06-29 00:00:00,146.5,411123383,1,2012,85576.1,81895.5,11388.6,2012-07-30 00:00:00,0,,
203,State Bank Of India,2012-06-29 00:00:00,215.92,671044838,1,2012,289224.4,286639.3,37515.6,2012-08-10 12:59:07,0,,
204,Max Financial Services Ltd.,2012-06-29 00:00:00,192.15,265381162,1,2012,2073.4,3684.7,5365.4,2012-08-13 10:46:27,0,,
205,H D F C Bank Ltd.,2012-09-28 00:00:00,314.35,2361698240,2,2012,86748.2,85866.7,15599.8,2012-10-12 13:48:03,1,,
206,Housing Development Finance Corpn. Ltd.,2012-09-28 00:00:00,772.9,1538893440,2,2012,51753.4,41260.8,11511.2,2012-10-12 13:48:03,0,,
207,Bajaj Finserv Ltd.,2012-09-28 00:00:00,87.08,159122352,2,2012,669.4,223.9,469.7,2012-10-19 00:00:00,0,,
208,Bank Of Baroda,2012-09-28 00:00:00,159.71,411123383,2,2012,87225.5,82494.7,13013.9,2012-10-22 00:00:00,0,,
209,Kotak Mahindra Bank Ltd.,2012-06-29 00:00:00,296.13,742475882,1,2012,18158.3,17928,2824.5,2012-10-25 12:52:06,0,,
210,I C I C I Bank Ltd.,2012-09-28 00:00:00,192.23,1153027642,2,2012,100263.3,101131.9,19561.1,2012-10-26 12:46:30,0,,
211,L I C Housing Finance Ltd.,2012-09-28 00:00:00,281.8,504663000,2,2012,18400.4,16188.1,2430.6,2012-10-31 13:17:21,0,,
212,Canara Bank,2012-09-28 00:00:00,419.37,443000000,2,2012,85955.4,85426.4,6609.7,2012-11-06 13:47:09,0,,
213,State Bank Of India,2012-09-28 00:00:00,223.79,671044838,2,2012,296068.4,292953.3,36581.4,2012-11-09 14:05:59,0,,
214,Max Financial Services Ltd.,2012-09-28 00:00:00,224.1,265470839,2,2012,1828,2085,-174.3,2012-11-10 14:38:54,0,,
215,Bajaj Finserv Ltd.,2012-12-31 00:00:00,90.19,159122352,3,2012,249.4,167.8,111.3,2013-01-15 00:00:00,1,,
216,H D F C Bank Ltd.,2012-12-31 00:00:00,339.4,2368065465,3,2012,88904,89590.6,18590.7,2013-01-18 13:40:14,0,,
217,Housing Development Finance Corpn. Ltd.,2012-12-31 00:00:00,828.1,1540984385,3,2012,51457,41103,11401,2013-01-18 13:40:14,0,,
218,Kotak Mahindra Bank Ltd.,2012-09-28 00:00:00,323.95,743307494,2,2012,19237,19027.7,2803.8,2013-01-22 13:10:34,0,,
219,I C I C I Bank Ltd.,2012-12-31 00:00:00,206.78,1153303032,3,2012,101382.9,101026.7,22502.4,2013-01-31 12:43:54,0,,
220,Bank Of Baroda,2012-12-31 00:00:00,173.39,411123383,3,2012,88449.2,86738.9,10116.2,2013-02-04 00:00:00,0,,
221,Canara Bank,2012-12-31 00:00:00,481.96,443000000,3,2012,85444.8,86797.8,7105.1,2013-02-08 13:32:48,0,,
222,State Bank Of India,2012-12-31 00:00:00,238.38,671045274,3,2012,303653.8,305960.5,33960.6,2013-02-14 17:52:07,0,,
223,L I C Housing Finance Ltd.,2012-12-31 00:00:00,291.35,504663000,3,2012,19346.9,17187.2,2362.5,2013-02-21 12:39:36,0,,
224,Housing Development Finance Corpn. Ltd.,2013-03-28 00:00:00,825.75,1546347255,4,2012,55612,41225,15552.1,2013-04-26 14:21:04,1,,
225,H D F C Bank Ltd.,2013-03-28 00:00:00,312.05,2379419030,4,2012,93239.1,92377,18898.4,2013-04-26 14:21:04,0,,
226,L I C Housing Finance Ltd.,2013-03-28 00:00:00,224.95,504663000,4,2012,20547.4,17620.8,3161.6,2013-05-08 16:57:02,0,,
227,Kotak Mahindra Bank Ltd.,2012-12-31 00:00:00,324.8,744193105,3,2012,20945.8,20396.6,3616.8,2013-05-09 10:01:02,0,,
228,Canara Bank,2013-03-28 00:00:00,373.95,443000000,4,2012,84650.5,87461.9,7253.8,2013-05-09 15:45:03,0,,
229,I C I C I Bank Ltd.,2013-03-28 00:00:00,190.06,1153581715,4,2012,103653.3,102694.5,23040.7,2013-05-15 17:09:02,0,,
230,State Bank Of India,2013-03-28 00:00:00,207.28,684033971,4,2012,307841.9,330316.5,32992.2,2013-05-29 11:25:03,0,,
231,Max Financial Services Ltd.,2013-03-28 00:00:00,223.9,265520289,4,2012,1811.8,2133.6,157.4,2013-06-14 19:01:04,0,,
232,Bank Of Baroda,2013-03-28 00:00:00,135.56,421256303,4,2012,90715.7,97161.7,10288.5,2013-06-28 00:00:00,0,,
233,Bajaj Finserv Ltd.,2013-06-28 00:00:00,64.27,159122352,1,2013,284.5,204.6,111.1,2013-07-18 00:00:00,1,,
234,Housing Development Finance Corpn. Ltd.,2013-06-28 00:00:00,872.9,1554131425,1,2013,55569.4,43918.4,11731,2013-07-18 10:13:02,0,,
235,H D F C Bank Ltd.,2013-06-28 00:00:00,334.25,2388142230,1,2013,96629.6,97447,18438.6,2013-07-18 10:13:02,0,,
236,Kotak Mahindra Bank Ltd.,2013-03-28 00:00:00,325.7,746374517,4,2012,22083.8,21360.2,4362.1,2013-07-22 17:17:01,0,,
237,Canara Bank,2013-06-28 00:00:00,350.5,443000000,1,2013,92695.8,97158.1,7920.7,2013-08-05 12:45:02,0,,
238,I C I C I Bank Ltd.,2013-06-28 00:00:00,194.5,1154054737,1,2013,104206.8,106307.6,22742.1,2013-08-05 16:21:02,0,,
239,Bank Of Baroda,2013-06-28 00:00:00,114.9,421256303,1,2013,94869.4,95496.2,11678.7,2013-08-06 00:00:00,0,,
240,State Bank Of India,2013-06-28 00:00:00,195.36,684033971,1,2013,317183.3,329515.4,32410.8,2013-08-16 15:53:03,0,,
241,L I C Housing Finance Ltd.,2013-06-28 00:00:00,254.75,504663000,1,2013,21488.7,18674.3,3105.1,2013-08-16 16:25:05,0,,
242,Max Financial Services Ltd.,2013-06-28 00:00:00,200,265936039,1,2013,2787.4,1876.5,1011.4,2013-08-17 17:17:02,0,,
243,Bajaj Finserv Ltd.,2013-09-30 00:00:00,60.6,159122352,2,2013,804.8,269.2,563.6,2013-10-15 00:00:00,1,,
244,Housing Development Finance Corpn. Ltd.,2013-09-30 00:00:00,763.55,1558160055,2,2013,58591.9,46876.5,12663.3,2013-10-15 16:41:01,0,,
245,H D F C Bank Ltd.,2013-09-30 00:00:00,296.85,2391248160,2,2013,100933.4,99553.7,19823.2,2013-10-15 16:41:01,0,,
246,Kotak Mahindra Bank Ltd.,2013-06-28 00:00:00,360.63,767251207,1,2013,21900.1,22502.1,4028.2,2013-10-25 12:05:02,0,,
247,I C I C I Bank Ltd.,2013-09-30 00:00:00,160.9,1154394745,2,2013,108132.7,106277,23520.5,2013-11-05 12:05:02,0,,
248,L I C Housing Finance Ltd.,2013-09-30 00:00:00,187.95,504663000,2,2013,22465.1,19923.4,3100.7,2013-11-05 18:57:02,0,,
249,Bank Of Baroda,2013-09-30 00:00:00,98.72,421256303,2,2013,94734.5,92792.1,11681,2013-11-16 00:00:00,0,,
250,Max Financial Services Ltd.,2013-09-30 00:00:00,190.95,265936039,2,2013,2106.4,2119.7,19.9,2013-11-18 16:17:01,0,,
251,Canara Bank,2013-09-30 00:00:00,215.3,443000000,2,2013,96544.8,98015.4,6259.4,2013-11-19 16:25:02,0,,
252,State Bank Of India,2013-09-30 00:00:00,161.53,684033971,2,2013,339217.3,348249.1,23750.1,2013-11-22 12:17:03,0,,
253,Bajaj Finserv Ltd.,2013-12-31 00:00:00,74.2,159122352,3,2013,207.7,190.7,53.5,2014-01-15 00:00:00,1,,
254,L I C Housing Finance Ltd.,2013-12-31 00:00:00,219.2,504663000,3,2013,23427,20572.3,3265.9,2014-01-17 14:01:02,0,,
255,H D F C Bank Ltd.,2013-12-31 00:00:00,332.88,2394593545,3,2013,105906.8,104132.5,23257,2014-01-17 14:29:02,0,,
256,Housing Development Finance Corpn. Ltd.,2013-12-31 00:00:00,796.3,1559248440,3,2013,59851.8,47532.2,12777.1,2014-01-17 14:29:02,0,,
257,Kotak Mahindra Bank Ltd.,2013-09-30 00:00:00,338.7,768243055,2,2013,21723.3,21370.8,3525.4,2014-01-21 17:21:02,0,,
258,Canara Bank,2013-12-31 00:00:00,274.44,461258837,3,2013,100838.7,105259.4,4093.5,2014-02-01 15:29:02,0,,
259,I C I C I Bank Ltd.,2013-12-31 00:00:00,199.72,1154535873,3,2013,114549.5,117237.5,25322.1,2014-02-05 13:25:01,0,,
260,Bank Of Baroda,2013-12-31 00:00:00,129.15,421256303,3,2013,96907.3,95749.6,10478.4,2014-02-06 00:00:00,0,,
261,State Bank Of India,2013-12-31 00:00:00,176.55,684033971,3,2013,348531.2,368335.7,22343.4,2014-02-15 17:41:05,0,,
262,Max Financial Services Ltd.,2013-12-31 00:00:00,215.2,266076757,3,2013,2922.7,2194.4,736.8,2014-02-17 12:25:02,0,,
263,H D F C Bank Ltd.,2014-03-31 00:00:00,374.43,2399050435,4,2013,107885.6,104634.6,23265.2,2014-04-22 17:25:03,1,,
264,Housing Development Finance Corpn. Ltd.,2014-03-31 00:00:00,883.8,1560532605,4,2013,64927.2,49247.2,17231,2014-04-22 17:25:03,0,,
265,L I C Housing Finance Ltd.,2014-03-31 00:00:00,235.7,504663000,4,2013,24433.1,21301.2,3700.2,2014-04-28 12:33:03,0,,
266,I C I C I Bank Ltd.,2014-03-31 00:00:00,226.45,1154832769,4,2013,114892.5,118133.3,26520.1,2014-05-02 12:29:03,0,,
267,Canara Bank,2014-03-31 00:00:00,257.13,461258837,4,2013,105396.8,109988.9,6108.3,2014-05-05 17:37:02,0,,
268,Kotak Mahindra Bank Ltd.,2013-12-31 00:00:00,364.52,769117006,3,2013,21923,21520.3,3399.8,2014-05-07 15:21:02,0,,
269,Bank Of Baroda,2014-03-31 00:00:00,144.27,429415087,4,2013,102885.9,104575.8,11572.7,2014-05-13 00:00:00,0,,
270,Bajaj Finserv Ltd.,2014-03-31 00:00:00,79.02,159122352,4,2013,147.9,147,105.7,2014-05-14 00:00:00,0,,
271,Max Financial Services Ltd.,2014-03-31 00:00:00,207.9,266227257,4,2013,2142.7,2148.4,83.6,2014-05-30 16:09:01,0,,
272,State Bank Of India,2014-03-31 00:00:00,191.83,746573092,4,2013,358576.2,394025.3,30407.4,2014-06-03 13:57:03,0,,
273,Bajaj Finserv Ltd.,2014-06-30 00:00:00,93.55,159122352,1,2014,225.9,175.7,79.7,2014-07-16 00:00:00,1,,
274,Bajaj Finance Ltd.,2014-06-30 00:00:00,200.11,50142334,1,2014,12436.1,10346,2113.6,2014-07-16 00:00:00,0,,
275,Kotak Mahindra Bank Ltd.,2014-03-31 00:00:00,389,770311001,4,2013,22124.8,21807.2,4071.8,2014-07-16 16:01:02,0,,
276,H D F C Bank Ltd.,2014-06-30 00:00:00,410.68,2407696255,1,2014,112200.8,108376.1,22330.4,2014-07-21 14:05:03,0,,
277,Housing Development Finance Corpn. Ltd.,2014-06-30 00:00:00,990.65,1566949470,1,2014,64459.1,51231.6,13446.6,2014-07-21 14:05:03,0,,
278,Canara Bank,2014-06-30 00:00:00,449.57,461258837,1,2014,107011.1,109211.5,8068.6,2014-07-22 10:17:02,0,,
279,Bank Of Baroda,2014-06-30 00:00:00,175.43,429415087,1,2014,106579.6,103206.2,13618.8,2014-07-28 00:00:00,0,,
280,L I C Housing Finance Ltd.,2014-06-30 00:00:00,327.3,504663000,1,2014,25091.3,22212.8,3223.1,2014-08-05 14:21:01,0,,
281,I C I C I Bank Ltd.,2014-06-30 00:00:00,257.9,1156011729,1,2014,117669,119614.1,26553,2014-08-06 11:21:02,0,,
282,State Bank Of India,2014-06-30 00:00:00,268.59,746573092,1,2014,364871.2,373901.3,33490.8,2014-08-11 16:01:02,0,,
283,Max Financial Services Ltd.,2014-06-30 00:00:00,288.15,266295757,1,2014,1117.6,321.5,812.6,2014-08-21 16:01:02,0,,
284,Kotak Mahindra Bank Ltd.,2014-06-30 00:00:00,442.57,770467156,1,2014,22863.5,23080.4,4298,2014-09-11 17:09:02,0,,
285,Bajaj Finance Ltd.,2014-09-30 00:00:00,271.1,50142334,2,2014,12322.1,10446.8,1971.5,2014-10-14 00:00:00,1,,
286,Bajaj Finserv Ltd.,2014-09-30 00:00:00,112.95,159125184,2,2014,754.9,181.9,600.3,2014-10-14 00:00:00,0,,
287,H D F C Bank Ltd.,2014-09-30 00:00:00,435.75,2414322155,2,2014,118476.3,115132.7,23814.6,2014-10-22 12:25:02,0,,
288,Housing Development Finance Corpn. Ltd.,2014-09-30 00:00:00,1052.6,1568862770,2,2014,65327.1,53131.1,13575.6,2014-10-22 12:25:02,0,,
289,L I C Housing Finance Ltd.,2014-09-30 00:00:00,325.35,504663000,2,2014,26275.7,23363.7,3413.5,2014-10-27 11:21:02,0,,
290,Kotak Mahindra Bank Ltd.,2014-09-30 00:00:00,506.73,771334557,2,2014,23524.8,23846.2,4445.2,2014-10-28 13:13:02,0,,
291,I C I C I Bank Ltd.,2014-09-30 00:00:00,260.95,1157252235,2,2014,121505.6,121799.4,27090.1,2014-11-04 13:09:02,0,,
292,Bank Of Baroda,2015-09-30 00:00:00,183.3,2304159598,2,2015,111563.6,121759.2,1244.8,2014-11-06 00:00:00,1,,
293,Bank Of Baroda,2014-09-30 00:00:00,180.5,429415087,2,2014,108256.7,107131,11042.2,2014-11-10 00:00:00,0,,
294,Canara Bank,2014-09-30 00:00:00,340.68,461258837,2,2014,108938.7,112883.7,6268.4,2014-11-11 11:25:03,0,,
295,State Bank Of India,2014-09-30 00:00:00,244.24,746573092,2,2014,372626.1,387329.5,31004.1,2014-11-18 19:53:02,0,,
296,Max Financial Services Ltd.,2014-09-30 00:00:00,319.5,266492023,2,2014,148.9,262,-113,2014-11-21 16:01:02,0,,
297,Bajaj Finserv Ltd.,2014-12-31 00:00:00,131.15,159125184,3,2014,256.1,142.1,141.3,2015-01-14 00:00:00,1,,
298,Bajaj Finance Ltd.,2014-12-31 00:00:00,348.14,50147259,3,2014,14765.5,12270.1,2583.8,2015-01-14 00:00:00,0,,
299,L I C Housing Finance Ltd.,2014-12-31 00:00:00,435.8,504663000,3,2014,27001.6,23914.4,3443.5,2015-01-19 11:33:01,0,,
300,Kotak Mahindra Bank Ltd.,2014-12-31 00:00:00,631.58,771729618,3,2014,25001,25858.2,4645.2,2015-01-22 14:37:01,0,,
301,Bank Of Baroda,2014-12-31 00:00:00,216.9,429415087,3,2014,107179.9,114743.6,3339.8,2015-01-31 00:00:00,0,,
302,I C I C I Bank Ltd.,2014-12-31 00:00:00,320.91,5791523320,3,2014,124352.1,126378.4,28890.4,2015-02-04 11:21:01,0,,
303,State Bank Of India,2014-12-31 00:00:00,311.85,7465730920,3,2014,385461.7,408739.1,29100.6,2015-02-14 14:57:03,0,,
304,Canara Bank,2014-12-31 00:00:00,436.54,461258837,3,2014,110516.6,115718.9,6559.7,2015-02-15 00:00:00,0,,
305,Housing Development Finance Corpn. Ltd.,2014-12-31 00:00:00,1135,1572060365,3,2014,67583.6,54570.3,14254.9,2015-02-18 16:45:03,0,,
306,H D F C Bank Ltd.,2014-12-31 00:00:00,476,2417407625,3,2014,123958.3,121362.3,27945.1,2015-02-18 16:45:03,0,,
307,Max Financial Services Ltd.,2014-12-31 00:00:00,394.9,266492023,3,2014,1201.6,872.1,3292.3,2015-02-19 19:13:02,0,,
308,L I C Housing Finance Ltd.,2015-03-31 00:00:00,437.25,504663000,4,2014,28324.9,24824.1,3781.8,2015-04-20 14:09:03,1,,
309,H D F C Bank Ltd.,2015-03-31 00:00:00,511.43,2506495317,4,2014,130063.7,127632.2,28069.1,2015-04-24 11:45:03,0,,
310,Housing Development Finance Corpn. Ltd.,2015-03-31 00:00:00,1311.25,1574697670,4,2014,72229,55940,18624.3,2015-04-24 11:45:03,0,,
311,I C I C I Bank Ltd.,2015-03-31 00:00:00,286.64,5797244645,4,2014,127384.7,133127.3,29220,2015-04-30 11:37:03,0,,
312,Kotak Mahindra Bank Ltd.,2015-03-31 00:00:00,656.58,772352664,4,2014,25809.4,27219.5,5271.4,2015-05-07 15:49:03,0,,
313,Bank Of Baroda,2015-03-31 00:00:00,163.3,2211495906,4,2014,107619.3,114590.4,5983.5,2015-05-11 00:00:00,0,,
314,Bajaj Finance Ltd.,2015-03-31 00:00:00,409.63,50147259,4,2014,14294.3,12140.7,2309.8,2015-05-20 00:00:00,0,,
315,Bajaj Finserv Ltd.,2015-03-31 00:00:00,138.95,159125184,4,2014,765.5,357.6,438,2015-05-20 00:00:00,0,,
316,Canara Bank,2015-03-31 00:00:00,357.85,475196971,4,2014,111034,118162.5,6129.6,2015-05-25 00:00:00,0,,
317,State Bank Of India,2015-03-31 00:00:00,267,7465730920,4,2014,401011.6,448743.9,37420.2,2015-05-25 15:05:02,0,,
318,L I C Housing Finance Ltd.,2015-06-30 00:00:00,451.75,504663000,1,2015,29458.9,25833.3,3821.3,2015-07-21 14:04:08,1,,
319,Housing Development Finance Corpn. Ltd.,2015-06-30 00:00:00,1296.45,1576030605,1,2015,69955.2,56683.9,13609.8,2015-07-21 16:46:24,0,,
320,H D F C Bank Ltd.,2015-06-30 00:00:00,533.73,2511458217,1,2015,140410.6,138072.5,26957.2,2015-07-21 16:46:24,0,,
321,Bajaj Finance Ltd.,2015-06-30 00:00:00,545.66,53632775,1,2015,16462.1,13802.1,2756.3,2015-07-22 00:00:00,0,,
322,Bajaj Finserv Ltd.,2015-06-30 00:00:00,152.6,159125184,1,2015,367.2,254.9,135.9,2015-07-22 00:00:00,0,,
323,Bank Of Baroda,2015-06-30 00:00:00,144.2,2211495906,1,2015,112764.9,111915.7,10521.5,2015-07-30 00:00:00,0,,
324,I C I C I Bank Ltd.,2015-06-30 00:00:00,280,5804014135,1,2015,128125.6,128262.9,29761.6,2015-08-03 12:59:10,0,,
325,Kotak Mahindra Bank Ltd.,2015-06-30 00:00:00,693.88,912841920,1,2015,39914.3,43940.8,1897.8,2015-08-03 13:27:32,0,,
326,Canara Bank,2015-06-30 00:00:00,270.36,515196971,1,2015,111396.5,117738,4788.4,2015-08-05 00:00:00,0,,
327,Max Financial Services Ltd.,2015-06-30 00:00:00,483.65,266584023,1,2015,455.1,210.4,245.9,2015-08-13 15:35:34,0,,
328,State Bank Of India,2015-06-30 00:00:00,262.8,7566207932,1,2015,396428.9,410384.4,36924.3,2015-08-13 20:19:30,0,,
329,Bajaj Finserv Ltd.,2015-09-30 00:00:00,173.11,159125184,2,2015,949.2,252.4,718.6,2015-10-20 00:00:00,0,,
330,Bajaj Finance Ltd.,2015-09-30 00:00:00,509.78,53632775,2,2015,16799.3,14211.8,2793.9,2015-10-20 00:00:00,0,,
331,L I C Housing Finance Ltd.,2015-09-30 00:00:00,470.2,504663000,2,2015,30646.5,26776.2,4117.4,2015-10-20 13:57:28,0,,
332,Housing Development Finance Corpn. Ltd.,2015-09-30 00:00:00,1213.25,1577684750,2,2015,73595.6,58167.5,16045.6,2015-10-23 12:48:35,0,,
333,H D F C Bank Ltd.,2015-09-30 00:00:00,534.45,2518193217,2,2015,147725.2,144548.3,28694.5,2015-10-23 12:48:35,0,,
334,I C I C I Bank Ltd.,2015-09-30 00:00:00,245.68,5807681135,2,2015,130988.7,130761.1,30301.1,2015-11-03 18:52:28,0,,
335,Kotak Mahindra Bank Ltd.,2015-09-30 00:00:00,648.85,1830512584,2,2015,40056.5,40658.8,5695,2015-11-03 19:49:29,0,,
336,Canara Bank,2015-09-30 00:00:00,272.06,542991054,2,2015,112675,119490.9,5288.6,2015-11-05 00:00:00,0,,
337,Max Financial Services Ltd.,2015-09-30 00:00:00,511.15,266973249,2,2015,112.7,244.5,-130.7,2015-11-07 15:39:27,0,,
338,State Bank Of India,2015-09-30 00:00:00,237.25,7762777042,2,2015,406575.6,429757.4,38790.7,2015-11-07 17:36:42,0,,
339,L I C Housing Finance Ltd.,2015-12-31 00:00:00,508.6,504663000,3,2015,31392.2,27378,4189,2016-01-18 17:58:36,1,,
340,Kotak Mahindra Bank Ltd.,2015-12-31 00:00:00,718.55,1832499206,3,2015,41217,42091.4,6347.2,2016-01-18 18:34:14,0,,
341,I C I C I Bank Ltd.,2015-12-31 00:00:00,237.68,5812184730,3,2015,133460.7,145448.2,30181.3,2016-01-30 13:14:47,0,,
342,Bajaj Finserv Ltd.,2015-12-31 00:00:00,198.68,159131453,3,2015,281.6,202.3,102,2016-02-03 00:00:00,0,,
343,Bajaj Finance Ltd.,2015-12-31 00:00:00,601.32,53632775,3,2015,20613.6,16611.6,4084.6,2016-02-03 00:00:00,0,,
344,Canara Bank,2015-12-31 00:00:00,227.27,542991054,3,2015,108820.7,119656.6,849.7,2016-02-13 00:00:00,0,,
345,State Bank Of India,2015-12-31 00:00:00,224.4,7762777042,3,2015,406440.4,456156.7,11153.4,2016-02-13 17:12:46,0,,
346,Max Financial Services Ltd.,2015-12-31 00:00:00,509.15,266973249,3,2015,1364.2,178.9,1273.7,2016-02-13 18:06:46,0,,
347,Bank Of Baroda,2015-12-31 00:00:00,156.75,2304159598,3,2015,106140.4,161873.6,-33420.4,2016-02-14 00:00:00,0,,
348,Housing Development Finance Corpn. Ltd.,2015-12-31 00:00:00,1262.65,1578733220,3,2015,72115.6,57596.6,15205.1,2016-02-14 17:06:12,0,,
349,H D F C Bank Ltd.,2015-12-31 00:00:00,541.38,2525086417,3,2015,154111.2,149264.7,33568.4,2016-02-14 17:06:12,0,,
350,L I C Housing Finance Ltd.,2016-03-31 00:00:00,490.4,504663000,4,2015,32464,28259.2,4480.2,2016-04-25 12:31:45,1,,
351,Housing Development Finance Corpn. Ltd.,2016-03-31 00:00:00,1105.55,1579846340,4,2015,76906.7,66186.7,26070.5,2016-04-29 11:48:33,0,,
352,H D F C Bank Ltd.,2016-03-31 00:00:00,535.6,2528186517,4,2015,159967.5,154883.9,33742.2,2016-04-29 11:48:33,0,,
353,Bank Of Baroda,2016-03-31 00:00:00,147.1,2304159598,4,2015,110143.8,170742.6,-32301.4,2016-05-16 00:00:00,0,,
354,Kotak Mahindra Bank Ltd.,2016-03-31 00:00:00,681,1834382158,4,2015,42654.1,42515.4,6957.8,2016-05-20 19:07:28,0,,
355,Bajaj Finserv Ltd.,2016-03-31 00:00:00,170.38,159131453,4,2015,825.2,173.6,674.8,2016-05-24 00:00:00,0,,
356,Bajaj Finance Ltd.,2016-03-31 00:00:00,692.92,53872190,4,2015,19162.3,16283.9,3150.4,2016-05-24 00:00:00,0,,
357,I C I C I Bank Ltd.,2016-03-31 00:00:00,215.05,5814768430,4,2015,134819.3,178889.7,7018.9,2016-05-24 20:24:39,0,,
358,Canara Bank,2016-03-31 00:00:00,184.66,542991054,4,2015,107329.1,168011.3,-39054.9,2016-05-29 00:00:00,0,,
359,State Bank Of India,2016-03-31 00:00:00,194.3,7973504442,4,2015,429417.7,525091.2,12638.1,2016-05-30 18:09:23,0,,
360,Max Financial Services Ltd.,2016-03-31 00:00:00,344.6,266983999,4,2015,129.4,369.3,-238.3,2016-05-30 18:40:29,0,,
361,L I C Housing Finance Ltd.,2016-06-30 00:00:00,494.7,504663000,1,2016,33596.9,29720.2,4078.4,2016-07-15 14:44:17,1,,
362,Bajaj Finserv Ltd.,2016-06-30 00:00:00,231.89,159131453,1,2016,406.3,266.5,166.6,2016-07-26 00:00:00,0,,
363,Bajaj Finance Ltd.,2016-06-30 00:00:00,798.91,53872190,1,2016,22801.7,18577.9,4239.9,2016-07-26 00:00:00,0,,
364,Canara Bank,2016-06-30 00:00:00,212.48,542991054,1,2016,102017,115574,2289.5,2016-07-27 00:00:00,0,,
365,H D F C Bank Ltd.,2016-06-30 00:00:00,587.95,2535052017,1,2016,165160.2,160837.2,32389.1,2016-07-27 18:40:17,0,,
366,Housing Development Finance Corpn. Ltd.,2016-06-30 00:00:00,1252.7,1582052040,1,2016,74606.6,65226,18707.3,2016-07-27 18:40:17,0,,
367,I C I C I Bank Ltd.,2016-06-30 00:00:00,218.36,5816921980,1,2016,133302.5,145271.6,22323.5,2016-08-02 12:20:50,0,,
368,Max Financial Services Ltd.,2016-06-30 00:00:00,533.5,267022899,1,2016,1317.3,247.8,1071.2,2016-08-11 16:49:25,0,,
369,State Bank Of India,2016-06-30 00:00:00,218.65,7973504442,1,2016,417185.2,464076.4,25209.6,2016-08-13 17:37:16,0,,
370,Kotak Mahindra Bank Ltd.,2016-06-30 00:00:00,763.1,1835574980,1,2016,43868.5,43780.6,7419.7,2016-08-26 11:10:22,0,,
371,Bank Of Baroda,2016-06-30 00:00:00,154,2304159598,1,2016,104335.2,114542.9,4236.2,2016-09-21 00:00:00,0,,
372,L I C Housing Finance Ltd.,2016-09-30 00:00:00,579.25,504663000,2,2016,34564.5,29951.5,4947.6,2016-10-22 17:10:54,1,,
373,Bajaj Finance Ltd.,2016-09-30 00:00:00,1056.6,538721900,2,2016,23355,19333.2,4077.6,2016-10-27 00:00:00,0,,
374,Bajaj Finserv Ltd.,2016-09-30 00:00:00,307.39,159131780,2,2016,666.9,287.5,406.9,2016-10-27 00:00:00,0,,
375,Canara Bank,2016-09-30 00:00:00,299.92,542991054,2,2016,104053.5,118302.1,3569.1,2016-10-27 00:00:00,0,,
376,Housing Development Finance Corpn. Ltd.,2016-09-30 00:00:00,1393.05,1583983690,2,2016,80632.1,62766.5,18265,2016-11-07 14:10:37,0,,
377,H D F C Bank Ltd.,2016-09-30 00:00:00,635.85,2545633717,2,2016,170699.4,165155.6,34553.3,2016-11-07 14:10:37,0,,
378,Max Financial Services Ltd.,2016-09-30 00:00:00,554.05,267034331,2,2016,129.6,268.7,-131.2,2016-11-09 19:49:24,0,,
379,State Bank Of India,2016-09-30 00:00:00,250.7,7973504442,2,2016,424815.5,482046.7,25383.2,2016-11-12 19:30:41,0,,
380,Kotak Mahindra Bank Ltd.,2016-09-30 00:00:00,778.75,1837288329,2,2016,44124.7,44302.9,8132.9,2016-11-15 12:13:01,0,,
381,I C I C I Bank Ltd.,2016-09-30 00:00:00,229.36,5818976105,2,2016,136394,196568.1,31022.7,2016-11-16 19:37:49,0,,
382,Bank Of Baroda,2016-09-30 00:00:00,167.3,2304159598,2,2016,104851.7,114944.8,5521.2,2016-11-17 00:00:00,0,,
383,L I C Housing Finance Ltd.,2016-12-30 00:00:00,559.45,504663000,3,2016,35279.3,30494.6,4992.6,2017-01-17 09:36:15,1,,
384,Canara Bank,2016-12-30 00:00:00,255.67,542991054,3,2016,102876.7,117574.9,3218.8,2017-01-20 00:00:00,0,,
385,H D F C Bank Ltd.,2016-12-30 00:00:00,602.1,2555374117,3,2016,176056,168829.4,38653.3,2017-01-24 14:14:39,0,,
386,Housing Development Finance Corpn. Ltd.,2016-12-30 00:00:00,1262.45,1585088925,3,2016,81337.8,64474,17012.1,2017-01-24 14:14:39,0,,
387,Kotak Mahindra Bank Ltd.,2016-12-30 00:00:00,719.05,1839261817,3,2016,44676.1,44980.7,8797.6,2017-01-25 18:54:27,0,,
388,Bajaj Finance Ltd.,2016-12-30 00:00:00,839.25,547971900,3,2016,26882.3,21442.8,5556.5,2017-01-30 00:00:00,0,,
389,Bajaj Finserv Ltd.,2016-12-30 00:00:00,289.42,159131780,3,2016,227,190.6,63.2,2017-01-30 00:00:00,0,,
390,I C I C I Bank Ltd.,2016-12-30 00:00:00,232.09,5820605280,3,2016,136181,151145.9,24418.2,2017-02-01 15:38:36,0,,
391,Bank Of Baroda,2016-12-30 00:00:00,152.85,2304159598,3,2016,104060.8,119283.7,2526.7,2017-02-11 00:00:00,0,,
392,Max Financial Services Ltd.,2016-12-30 00:00:00,548.5,267270049,3,2016,1032.1,230.1,804.9,2017-02-11 17:20:51,0,,
393,State Bank Of India,2016-12-30 00:00:00,249.75,7973504442,3,2016,439255.9,509775.1,26100,2017-02-16 21:11:50,0,,
394,L I C Housing Finance Ltd.,2017-03-31 00:00:00,615.65,504663000,4,2016,36428.7,31326.7,5291.9,2017-04-26 15:14:19,1,,
395,Canara Bank,2017-03-31 00:00:00,303,597290159,4,2016,104929.2,126750.2,2141.8,2017-05-16 00:00:00,0,,
396,Bajaj Finance Ltd.,2017-03-31 00:00:00,1174.1,549890090,4,2016,26618.1,22205.7,4491.5,2017-05-17 00:00:00,0,,
397,Bajaj Finserv Ltd.,2017-03-31 00:00:00,408.78,159131780,4,2016,238.8,205.2,63.5,2017-05-17 00:00:00,0,,
398,Kotak Mahindra Bank Ltd.,2017-03-31 00:00:00,872.1,1840897877,4,2016,44320,44581.7,9764.8,2017-05-17 11:07:26,0,,
399,Bank Of Baroda,2017-03-31 00:00:00,172.95,2304159598,4,2016,108751.6,126977.2,1547.2,2017-05-24 00:00:00,0,,
400,State Bank Of India,2017-03-31 00:00:00,292.6,7973504442,4,2016,473925.7,549052.5,28148.2,2017-05-27 16:20:05,0,,
401,I C I C I Bank Ltd.,2017-03-31 00:00:00,251.91,5824476135,4,2016,135685.3,155421.9,20246.4,2017-06-16 14:33:40,0,,
402,Max Financial Services Ltd.,2017-03-31 00:00:00,576.6,267270049,4,2016,70.2,276.2,-204.9,2017-06-17 15:00:02,0,,
403,Housing Development Finance Corpn. Ltd.,2017-03-31 00:00:00,1502.4,1588672140,4,2016,84534.1,64703.1,20442,2017-06-18 12:45:09,0,,
404,H D F C Bank Ltd.,2017-03-31 00:00:00,721.15,2562545717,4,2016,181144,175705.7,39900.9,2017-06-18 12:45:09,0,,
405,Bajaj Finance Ltd.,2017-06-30 00:00:00,1374.2,549890090,1,2017,28265.5,23709.7,4564,2017-07-19 00:00:00,1,,
406,Bajaj Finserv Ltd.,2017-06-30 00:00:00,411.6,159131780,1,2017,274,264.3,39.7,2017-07-19 00:00:00,0,,
407,Canara Bank,2017-06-30 00:00:00,329,597290159,1,2017,101955.9,120525,2516,2017-07-19 00:00:00,0,,
408,Kotak Mahindra Bank Ltd.,2017-06-30 00:00:00,955.45,1903500911,1,2017,46557.8,46499.3,9127.3,2017-07-26 17:45:46,0,,
409,H D F C Bank Ltd.,2017-06-30 00:00:00,826.13,2573883317,1,2017,186687.2,182915.4,38938.4,2017-08-02 14:54:22,0,,
410,Housing Development Finance Corpn. Ltd.,2017-06-30 00:00:00,1616.35,1592899780,1,2017,82791,68655.1,14244.7,2017-08-02 14:54:22,0,,
411,I C I C I Bank Ltd.,2017-06-30 00:00:00,290.1,6412829984,1,2017,134591.3,147980.4,20490,2017-08-03 16:17:59,0,,
412,L I C Housing Finance Ltd.,2017-06-30 00:00:00,743.55,504663000,1,2017,36268.5,31685.9,4796.5,2017-08-21 10:52:23,0,,
413,Max Financial Services Ltd.,2017-06-30 00:00:00,627.55,267311259,1,2017,940,269.1,671.9,2017-08-21 13:57:37,0,,
414,Bank Of Baroda,2017-06-30 00:00:00,161.1,2304159598,1,2017,105527.1,119004.7,2033.9,2017-08-31 00:00:00,0,,
415,State Bank Of India,2017-06-30 00:00:00,273.6,8632050393,1,2017,549054.2,609055.5,20055.3,2017-08-31 18:16:58,0,,
416,Bajaj Finserv Ltd.,2017-09-29 00:00:00,514.66,159131780,2,2017,1507.6,380.3,1160.4,2017-10-16 00:00:00,1,,
417,Bajaj Finance Ltd.,2017-09-29 00:00:00,1834.95,576517308,2,2017,30420.6,24639.9,5935.7,2017-10-16 00:00:00,0,,
418,H D F C Bank Ltd.,2017-09-29 00:00:00,901.52,2583996617,2,2017,196702.8,191251.5,41510.3,2017-10-31 13:51:42,0,,
419,Housing Development Finance Corpn. Ltd.,2017-09-29 00:00:00,1740.7,1595100945,2,2017,90032.1,70908.1,19781.9,2017-10-31 13:51:42,0,,
420,Kotak Mahindra Bank Ltd.,2017-09-29 00:00:00,1001.9,1904004302,2,2017,47601.4,47197.1,9943.1,2017-10-31 13:55:23,0,,
421,L I C Housing Finance Ltd.,2017-09-29 00:00:00,627.85,504663000,2,2017,37510.3,32453.6,5138.8,2017-11-01 12:21:49,0,,
422,I C I C I Bank Ltd.,2017-09-29 00:00:00,276.95,6416844177,2,2017,135770.5,167051,20581.9,2017-11-01 20:31:01,0,,
423,Bank Of Baroda,2017-09-29 00:00:00,137.5,2304159598,2,2017,107533.3,121350.3,3553.6,2017-11-21 00:00:00,0,,
424,Canara Bank,2017-09-29 00:00:00,308.05,597290159,2,2017,100584.5,117344.6,2601.8,2017-11-22 00:00:00,0,,
425,Max Financial Services Ltd.,2017-09-29 00:00:00,590.2,268384027,2,2017,263.4,348.7,-81.7,2017-11-22 19:42:40,0,,
426,State Bank Of India,2017-09-29 00:00:00,253.75,8632050393,2,2017,548497.2,700040.9,15815.5,2017-11-22 21:42:41,0,,
427,H D F C Bank Ltd.,2017-12-29 00:00:00,936.77,2590123617,3,2017,205812.7,198078.4,46426,2018-01-22 19:02:31,1,,
428,Housing Development Finance Corpn. Ltd.,2017-12-29 00:00:00,1710.4,1597597695,3,2017,88128.4,87877.8,53000,2018-01-22 19:02:31,0,,
429,Kotak Mahindra Bank Ltd.,2017-12-29 00:00:00,1009.1,1904703780,3,2017,50092,49958.1,10532.1,2018-01-23 19:18:07,0,,
430,L I C Housing Finance Ltd.,2017-12-29 00:00:00,563.25,504663000,3,2017,36259.1,31712.6,4751,2018-01-30 18:16:01,0,,
431,Bajaj Finance Ltd.,2017-12-29 00:00:00,1756.8,576517308,3,2017,33458.1,26567.1,6917.6,2018-02-01 00:00:00,0,,
432,Bajaj Finserv Ltd.,2017-12-29 00:00:00,523.84,159135097,3,2017,318.8,238.6,111,2018-02-01 00:00:00,0,,
433,Max Financial Services Ltd.,2017-12-29 00:00:00,591.15,268384027,3,2017,1313,319.8,994.5,2018-02-14 17:16:44,0,,
434,I C I C I Bank Ltd.,2017-12-29 00:00:00,314,6422311826,3,2017,136653.5,151819.8,16502.4,2018-02-16 12:23:34,0,,
435,State Bank Of India,2017-12-29 00:00:00,309.5,8632053793,3,2017,548028.9,700087,-24163.7,2018-02-21 18:01:37,0,,
436,Canara Bank,2017-12-29 00:00:00,360.9,597290159,3,2017,107746.4,122153.4,1257.5,2018-03-17 00:00:00,0,,
437,Bajaj Finserv Ltd.,2018-03-28 00:00:00,517.86,159135097,4,2017,302.9,223.2,105.1,2018-05-17 00:00:00,1,,
438,Bajaj Finance Ltd.,2018-03-28 00:00:00,1769.75,577968388,4,2017,33961.3,26822.2,7427.7,2018-05-17 00:00:00,0,,
439,L I C Housing Finance Ltd.,2018-03-28 00:00:00,535.15,504663000,4,2017,38875.5,32932.1,5943.4,2018-06-21 09:43:00,0,,
440,Max Financial Services Ltd.,2018-03-28 00:00:00,453.65,268384027,4,2017,118.5,265.2,-145.4,2018-06-21 20:40:24,0,,
441,Bank Of Baroda,2018-03-28 00:00:00,142.2,2645516132,4,2017,110392.6,167420.5,-31023.4,2018-07-02 00:00:00,0,,
442,Canara Bank,2018-03-28 00:00:00,264.25,733244775,4,2017,102234.1,188655,-48597.7,2018-07-04 00:00:00,0,,
443,I C I C I Bank Ltd.,2018-03-28 00:00:00,278.4,6427803162,4,2017,142643.6,191449.3,10200,2018-07-10 13:55:27,0,,
444,Bajaj Finserv Ltd.,2018-06-29 00:00:00,581.87,159135097,1,2018,299.5,286.7,60.9,2018-07-19 00:00:00,1,,
445,Bajaj Finance Ltd.,2018-06-29 00:00:00,2296.95,577968388,1,2018,37733.5,29582.2,8337.3,2018-07-19 00:00:00,0,,
446,H D F C Bank Ltd.,2018-03-28 00:00:00,945.73,2595090267,4,2017,213210.8,207503.8,47992.8,2018-07-31 19:35:23,0,,
447,Housing Development Finance Corpn. Ltd.,2018-03-28 00:00:00,1824.4,1675879893,4,2017,93915.4,71402,22566.8,2018-07-31 19:35:23,0,,
448,Bank Of Baroda,2017-12-29 00:00:00,160.5,2304159598,3,2017,113032.4,128645,1117.8,2018-08-02 00:00:00,0,,
449,Kotak Mahindra Bank Ltd.,2018-03-28 00:00:00,1048.6,1905648506,4,2017,53233.7,53509.5,11240.5,2018-08-03 14:27:41,0,,
450,State Bank Of India,2018-03-28 00:00:00,250.1,8924587534,4,2017,559412.8,806489.5,-77181.7,2018-08-03 14:31:07,0,,
451,Canara Bank,2018-06-29 00:00:00,251.6,733244775,1,2018,113595.5,129109.7,2814.9,2018-08-10 00:00:00,0,,
452,Bank Of Baroda,2018-06-29 00:00:00,112.8,2645516132,1,2018,116398.8,122594.5,5282.6,2018-08-10 00:00:00,0,,
453,H D F C Bank Ltd.,2018-06-29 00:00:00,1054.03,2604157867,1,2018,225489.8,217656,46014.4,2018-08-10 14:18:12,0,,
454,Housing Development Finance Corpn. Ltd.,2018-06-29 00:00:00,1907.35,1683633848,1,2018,99238.9,77619.8,21900,2018-08-10 14:18:12,0,,
455,I C I C I Bank Ltd.,2018-06-29 00:00:00,275.5,6431732828,1,2018,147223.6,187353.6,-1195.5,2018-08-10 16:00:42,0,,
456,Kotak Mahindra Bank Ltd.,2018-06-29 00:00:00,1341.8,1906131883,1,2018,54797,56193.5,10249.4,2018-08-10 16:06:18,0,,
457,Max Financial Services Ltd.,2018-06-29 00:00:00,432.8,268415737,1,2018,1289.8,536.9,754.4,2018-08-20 13:49:22,0,,
458,L I C Housing Finance Ltd.,2018-06-29 00:00:00,468.35,504663000,1,2018,40592.6,34913.2,5679.4,2018-08-24 22:17:41,0,,
459,Bajaj Finance Ltd.,2018-09-28 00:00:00,2167.4,577968388,2,2018,40307.4,31407.4,9202.8,2018-10-23 00:00:00,1,,
460,Bajaj Finserv Ltd.,2018-09-28 00:00:00,598.87,159136111,2,2018,3324,482.1,2915.9,2018-10-23 00:00:00,0,,
461,H D F C Bank Ltd.,2018-09-28 00:00:00,1002.83,2717176187,2,2018,241995.6,232094.2,50057.3,2018-10-23 10:44:29,0,,
462,Housing Development Finance Corpn. Ltd.,2018-09-28 00:00:00,1755.5,1696588252,2,2018,112398.8,87898.8,24670.8,2018-10-23 10:44:29,0,,
463,Kotak Mahindra Bank Ltd.,2018-09-28 00:00:00,1143.5,1907004130,2,2018,57981.1,58745.2,11416.5,2018-10-25 13:17:07,0,,
464,Bank Of Baroda,2018-09-28 00:00:00,99.4,2645516132,2,2018,120783.4,130045.7,4253.8,2018-11-02 00:00:00,0,,
465,L I C Housing Finance Ltd.,2018-09-28 00:00:00,416.7,504663000,2,2018,42016.1,36347.2,5731.6,2018-11-09 11:22:43,0,,
466,I C I C I Bank Ltd.,2018-09-28 00:00:00,305,6435132059,2,2018,151056.3,173532.4,9088.8,2018-11-26 16:44:00,0,,
467,Max Financial Services Ltd.,2018-09-28 00:00:00,407.7,268415737,2,2018,77.7,644.6,-563.3,2018-11-27 18:59:00,0,,
468,Canara Bank,2018-09-28 00:00:00,220.85,733244775,2,2018,111237.5,131868.2,2995.4,2018-11-28 00:00:00,0,,
469,State Bank Of India,2018-09-28 00:00:00,265,8924587534,2,2018,587934.8,672236.6,9448.7,2018-11-29 15:48:39,0,,
470,State Bank Of India,2018-06-29 00:00:00,259.3,8924587534,1,2018,588131.8,727478,-48758.5,2018-12-07 17:59:35,0,,
471,Housing Development Finance Corpn. Ltd.,2018-12-31 00:00:00,1970,1719471258,3,2018,105757.3,84693.9,21138,2019-01-21 19:01:15,1,,
472,H D F C Bank Ltd.,2018-12-31 00:00:00,1061.22,2719501383,3,2018,258902.6,252254.2,55858.5,2019-01-21 19:01:15,0,,
473,Kotak Mahindra Bank Ltd.,2018-12-31 00:00:00,1254.75,1907544110,3,2018,62375.1,62106.1,12909.3,2019-01-21 19:20:48,0,,
474,Bajaj Finserv Ltd.,2018-12-31 00:00:00,648.13,159136111,3,2018,288.5,276.7,76.8,2019-01-29 00:00:00,0,,
475,Bajaj Finance Ltd.,2018-12-31 00:00:00,2641.15,577968388,3,2018,46369.7,36418.1,10227.3,2019-01-29 00:00:00,0,,
476,Canara Bank,2018-12-31 00:00:00,275,733244775,3,2018,121885.6,131958.3,3175.2,2019-01-31 00:00:00,0,,
477,I C I C I Bank Ltd.,2018-12-31 00:00:00,360,6440817054,3,2018,162804,185583.4,16049.1,2019-01-31 17:31:50,0,,
478,Bank Of Baroda,2018-12-31 00:00:00,118.85,2645516132,3,2018,129417.1,140916,4712.5,2019-02-01 00:00:00,0,,
479,L I C Housing Finance Ltd.,2018-12-31 00:00:00,488.5,504663000,3,2018,44390,38462.6,5963.1,2019-02-06 14:09:04,0,,
480,State Bank Of India,2018-12-31 00:00:00,295.65,8924587534,3,2018,622766.1,663570.3,39548.1,2019-02-06 19:44:39,0,,
481,Max Financial Services Ltd.,2018-12-31 00:00:00,445.25,268977471,3,2018,1763.6,366.8,1398.9,2019-02-19 12:20:25,0,,
482,Housing Development Finance Corpn. Ltd.,2019-03-29 00:00:00,1967.3,1721437390,4,2018,115420.4,87250,28615.8,2019-04-23 18:11:21,1,,
483,H D F C Bank Ltd.,2019-03-29 00:00:00,1158.25,2723306610,4,2018,263332.5,253193.4,58851.2,2019-04-23 18:11:21,0,,
484,Kotak Mahindra Bank Ltd.,2019-03-29 00:00:00,1335.75,1908705503,4,2018,63909.1,62647.6,14078,2019-05-07 15:24:27,0,,
485,I C I C I Bank Ltd.,2019-03-29 00:00:00,398.85,6446239653,4,2018,172928,199447.6,9690.6,2019-05-09 15:19:15,0,,
486,Bajaj Finance Ltd.,2019-03-29 00:00:00,3024.85,577968388,4,2018,48789.3,37691.4,11135.9,2019-05-16 00:00:00,0,,
487,Bajaj Finserv Ltd.,2019-03-29 00:00:00,703.55,159136111,4,2018,318.5,368.4,18.1,2019-05-16 00:00:00,0,,
488,Bank Of Baroda,2019-03-29 00:00:00,128.8,2645516132,4,2018,131106.8,168230.9,-9913.7,2019-05-22 00:00:00,0,,
489,Canara Bank,2019-03-29 00:00:00,291.95,753244775,4,2018,121384.8,165504.7,-5515.3,2019-05-23 00:00:00,0,,
490,State Bank Of India,2019-03-29 00:00:00,320.8,8924611534,4,2018,629853.8,752393,8384,2019-05-24 18:38:35,0,,
491,Max Financial Services Ltd.,2019-03-29 00:00:00,434.8,269385779,4,2018,99.7,1200.2,-1096.2,2019-05-29 15:13:07,0,,
492,Bajaj Finserv Ltd.,2019-06-28 00:00:00,853.78,159136111,1,2019,243,310.5,4.9,2019-07-25 00:00:00,1,,
493,Bajaj Finance Ltd.,2019-06-28 00:00:00,3682.3,579894198,1,2019,53020.2,41795.6,11247.3,2019-07-25 00:00:00,0,,
494,Canara Bank,2019-06-28 00:00:00,284.4,753244775,1,2019,122005.2,137333.2,3290.7,2019-08-05 00:00:00,0,,
495,L I C Housing Finance Ltd.,2019-06-28 00:00:00,555.3,504663000,1,2019,48072,41965.3,6106.8,2019-09-04 19:02:26,0,,
496,Bank Of Baroda,2019-06-28 00:00:00,121.85,3846727356,1,2019,189433.3,201510.3,7098.7,2019-09-09 00:00:00,0,,
497,Kotak Mahindra Bank Ltd.,2019-06-28 00:00:00,1476.6,1909336730,1,2019,66277.3,65844.1,13602,2019-09-09 12:26:51,0,,
498,H D F C Bank Ltd.,2019-06-28 00:00:00,1223.2,2732812271,1,2019,273915.9,267936.8,55681.6,2019-09-09 12:31:03,0,,
499,Housing Development Finance Corpn. Ltd.,2019-06-28 00:00:00,2192.05,1725306237,1,2019,130218.8,98380.5,32031,2019-09-09 12:31:03,0,,
500,State Bank Of India,2019-06-28 00:00:00,360.9,8924611534,1,2019,626378.1,683410.3,23122,2019-09-09 14:09:05,0,,
501,Max Financial Services Ltd.,2019-06-28 00:00:00,407.65,269398737,1,2019,1961.3,246.4,1715.6,2019-09-09 19:15:21,0,,
502,I C I C I Bank Ltd.,2019-06-28 00:00:00,437.25,6452596296,1,2019,179800.6,194974.7,19080.3,2019-09-27 19:53:27,0,,
503,Bajaj Finserv Ltd.,2019-09-30 00:00:00,850.93,159137290,2,2019,3813.9,459.9,3450.3,2019-10-22 00:00:00,1,,
504,Bajaj Finance Ltd.,2019-09-30 00:00:00,4050.15,579894198,2,2019,56973.4,44955.7,13766.7,2019-10-22 00:00:00,0,,
505,H D F C Bank Ltd.,2019-09-30 00:00:00,1227.35,5470763894,2,2019,281662.8,274100.1,63449.9,2019-10-25 20:02:52,0,,
506,Housing Development Finance Corpn. Ltd.,2019-09-30 00:00:00,1976.6,1726695111,2,2019,138098,98549.5,39615.3,2019-10-25 20:02:52,0,,
507,L I C Housing Finance Ltd.,2019-09-30 00:00:00,376.75,504663000,2,2019,49762.9,42103.7,7722,2019-10-31 20:29:55,0,,
508,State Bank Of India,2019-09-30 00:00:00,270.9,8924611534,2,2019,643123.9,733233.5,30117.3,2019-10-31 20:32:48,0,,
509,Kotak Mahindra Bank Ltd.,2019-09-30 00:00:00,1644.35,1910028300,2,2019,67616,62615.3,17244.8,2019-11-04 13:06:07,0,,
510,Canara Bank,2019-09-30 00:00:00,182.3,753244775,2,2019,123921.4,140968.1,3649.2,2019-11-20 00:00:00,0,,
511,Max Financial Services Ltd.,2019-09-30 00:00:00,426.9,269398737,2,2019,88.2,359.9,-271.5,2019-12-03 16:27:39,0,,
512,Bank Of Baroda,2019-09-30 00:00:00,93.05,3846727356,2,2019,192707.7,213612.3,7366.8,2019-12-04 00:00:00,0,,
513,I C I C I Bank Ltd.,2019-09-30 00:00:00,433.4,6459674956,2,2019,185653,221045.6,6549.6,2019-12-19 15:16:19,0,,
514,Housing Development Finance Corpn. Ltd.,2019-12-31 00:00:00,2413.45,1729027666,3,2019,202780.7,119189.6,83724.9,2020-01-21 15:05:14,1,,
515,H D F C Bank Ltd.,2019-12-31 00:00:00,1271.8,5477027068,3,2019,293697.2,286225.2,74164.8,2020-01-21 15:05:14,0,,
516,Bajaj Finance Ltd.,2019-12-31 00:00:00,4235.1,601689069,3,2019,63120.8,48283.1,14881.5,2020-01-26 00:00:00,0,,
517,I C I C I Bank Ltd.,2019-12-31 00:00:00,538.75,6469353972,3,2019,190642.8,194918,41464.6,2020-01-27 11:09:00,0,,
518,Bajaj Finserv Ltd.,2019-12-31 00:00:00,938.86,159137290,3,2019,305.9,363.4,31.9,2020-01-29 00:00:00,0,,
519,State Bank Of India,2019-12-31 00:00:00,333.7,8924611534,3,2019,676919.9,712145.5,55833.6,2020-02-06 15:46:16,0,,
520,Max Financial Services Ltd.,2019-12-31 00:00:00,534.7,269509487,3,2019,801.8,185.9,616,2020-02-06 15:49:12,0,,
521,L I C Housing Finance Ltd.,2019-12-31 00:00:00,434.1,504663000,3,2019,49964.6,43989.4,5975.3,2020-02-06 17:46:18,0,,
522,Canara Bank,2019-12-31 00:00:00,221.3,1030233351,3,2019,122948.9,136720.1,3296.2,2020-02-20 00:00:00,0,,
523,Kotak Mahindra Bank Ltd.,2019-12-31 00:00:00,1684.5,1911034957,3,2019,67356,64811.3,15959,2020-02-20 16:10:32,0,,
524,Bank Of Baroda,2019-12-31 00:00:00,101.9,4620566586,3,2019,190711.1,240060.3,-14069.6,2020-03-05 00:00:00,0,,
525,H D F C Bank Ltd.,2020-03-31 00:00:00,862,5483286460,4,2019,298850.6,289899.4,69276.9,2020-04-20 12:12:40,1,,
526,Housing Development Finance Corpn. Ltd.,2020-03-31 00:00:00,1630.45,1732051189,4,2019,119614.1,97491.3,22325.3,2020-04-20 12:12:40,0,,
527,I C I C I Bank Ltd.,2020-03-31 00:00:00,324.5,6472765203,4,2019,191886.8,222223,12213.6,2020-05-11 18:37:13,0,,
528,Bajaj Finance Ltd.,2020-03-31 00:00:00,2216.05,601689069,4,2019,65110.9,56235.9,8915.7,2020-05-19 00:00:00,0,,
529,Max Financial Services Ltd.,2020-03-31 00:00:00,385.4,269509487,4,2019,2298,1632.7,665.3,2020-06-03 11:16:53,0,,
530,Kotak Mahindra Bank Ltd.,2020-03-31 00:00:00,1296.35,1913038338,4,2019,68046.8,70274.7,12666,2020-06-09 18:39:37,0,,
531,State Bank Of India,2020-03-31 00:00:00,196.95,8924611534,4,2019,626814,751780.4,35808.1,2020-06-11 12:48:10,0,,
532,Canara Bank,2020-03-31 00:00:00,90.4,1030233351,4,2019,120474.4,175569,-32593.3,2020-07-16 00:00:00,0,,
533,Bank Of Baroda,2020-03-31 00:00:00,53.55,4620566586,4,2019,186984.4,232563.6,5065.9,2020-07-16 00:00:00,0,,
534,L I C Housing Finance Ltd.,2020-03-31 00:00:00,235.2,504663000,4,2019,49201.7,44987.4,4214.3,2020-07-16 15:01:50,0,,
535,Bajaj Finserv Ltd.,2020-06-30 00:00:00,584.03,159137290,1,2020,276.3,369,10.4,2020-07-21 00:00:00,1,,
536,Bajaj Finance Ltd.,2020-06-30 00:00:00,2828.9,601739069,1,2020,59006.3,50322.3,8695,2020-07-21 00:00:00,0,,
537,H D F C Bank Ltd.,2020-06-30 00:00:00,1065.7,5490278560,1,2020,303779.7,277946.6,66586.2,2020-07-29 02:14:30,0,,
538,Housing Development Finance Corpn. Ltd.,2020-06-30 00:00:00,1754.65,1734608807,1,2020,130176.8,99677.7,30515.2,2020-07-29 02:14:30,0,,
539,Canara Bank,2020-06-30 00:00:00,100.6,1453501506,1,2020,180358.1,202796.7,4062.4,2020-09-17 00:00:00,0,,
540,L I C Housing Finance Ltd.,2020-06-30 00:00:00,264.95,504663000,1,2020,50037.1,41862.3,8174.8,2020-09-18 14:59:27,0,,
541,Max Financial Services Ltd.,2020-06-30 00:00:00,541.55,269574504,1,2020,92.4,315.7,-218.9,2020-09-29 18:49:52,0,,
542,Kotak Mahindra Bank Ltd.,2020-06-30 00:00:00,1359.8,1978804377,1,2020,69118.6,64420,12444.5,2020-10-01 00:25:55,0,,
543,Bank Of Baroda,2020-06-30 00:00:00,48.6,4620566586,1,2020,184941.6,216202,-8642.6,2020-10-16 00:00:00,0,,
544,I C I C I Bank Ltd.,2020-06-30 00:00:00,351.45,6475980400,1,2020,199243.5,234678,25991.5,2020-10-16 14:11:35,0,,
545,State Bank Of India,2020-06-30 00:00:00,178.4,8924611534,1,2020,665003.8,718082.5,41893.4,2020-10-16 14:13:43,0,,
546,Bajaj Finance Ltd.,2020-09-30 00:00:00,3277.25,602587339,2,2020,57799.4,49100.1,8765.8,2020-10-21 00:00:00,1,,
547,Bank Of Baroda,2020-09-30 00:00:00,41.05,4620566586,2,2020,178196.7,190507.1,16786,2020-11-05 00:00:00,0,,
548,H D F C Bank Ltd.,2020-09-30 00:00:00,1079.2,5503704156,2,2020,299769.7,285563.1,75131.1,2020-11-05 18:06:42,0,,
549,Housing Development Finance Corpn. Ltd.,2020-09-30 00:00:00,1739.3,1795805932,2,2020,117285.7,88631.9,28701.2,2020-11-05 18:06:42,0,,
550,I C I C I Bank Ltd.,2020-09-30 00:00:00,354.9,6896223149,2,2020,196224.6,193994.4,42513.3,2020-11-05 21:08:51,0,,
551,Canara Bank,2020-09-30 00:00:00,88.9,1453501506,2,2020,176904.7,203495.1,4444.1,2020-11-06 00:00:00,0,,
552,Kotak Mahindra Bank Ltd.,2020-09-30 00:00:00,1268.15,1979207809,2,2020,68202.9,60682.3,21844.8,2020-11-09 15:10:02,0,,
553,Max Financial Services Ltd.,2020-09-30 00:00:00,612.35,269574504,2,2020,536.8,160.3,378.8,2020-11-09 15:16:33,0,,
554,State Bank Of India,2020-09-30 00:00:00,185.4,8924611534,2,2020,668141.1,707676.4,45741.6,2020-11-20 23:12:27,0,,
555,L I C Housing Finance Ltd.,2020-09-30 00:00:00,275.7,504663000,2,2020,49690.3,41909.4,7909,2020-12-04 14:33:51,0,,
556,Housing Development Finance Corpn. Ltd.,2020-12-31 00:00:00,2558.6,1800195902,3,2020,117070,87905.1,29258.3,2021-01-18 12:35:15,1,,
557,H D F C Bank Ltd.,2020-12-31 00:00:00,1436.75,5507656932,3,2020,300797,287646.3,87582.9,2021-01-18 12:35:15,0,,
558,Bajaj Finance Ltd.,2020-12-31 00:00:00,5296,602587339,3,2020,58454.1,47990.9,10485.8,2021-01-20 00:00:00,0,,
559,Bajaj Finserv Ltd.,2020-12-31 00:00:00,890.45,159137444,3,2020,197.3,382.7,84,2021-01-20 00:00:00,0,,
560,Kotak Mahindra Bank Ltd.,2020-12-31 00:00:00,1995.4,1980478721,3,2020,66592.7,61325.5,18535.4,2021-01-25 17:10:42,0,,
561,Canara Bank,2020-12-31 00:00:00,128.95,1646738220,3,2020,172119.4,206693.3,6960.6,2021-01-27 00:00:00,0,,
562,Bank Of Baroda,2020-12-31 00:00:00,61.5,4620566586,3,2020,174967.1,193463.4,10611.1,2021-01-27 00:00:00,0,,
563,L I C Housing Finance Ltd.,2020-12-31 00:00:00,361.2,504663000,3,2020,49067.2,41969.5,7270.4,2021-01-29 16:06:48,0,,
564,I C I C I Bank Ltd.,2020-12-31 00:00:00,534.8,6903693527,3,2020,197297.9,194764.7,49395.9,2021-01-30 16:35:29,0,,
565,State Bank Of India,2020-12-31 00:00:00,274.75,8924611534,3,2020,667345,707844.3,51962.2,2021-02-04 18:30:47,0,,
566,Max Financial Services Ltd.,2020-12-31 00:00:00,673.35,345032592,3,2020,193.1,120.8,76.4,2021-02-09 13:59:21,0,,
567,H D F C Bank Ltd.,2021-03-31 00:00:00,1493.55,5512776482,4,2020,304235.9,298309.9,81865.1,2021-04-19 18:50:32,1,,
568,Housing Development Finance Corpn. Ltd.,2021-03-31 00:00:00,2498.95,1803946433,4,2020,116993,85299,31798.3,2021-04-19 18:50:32,0,,
569,I C I C I Bank Ltd.,2021-03-31 00:00:00,581.25,6915992387,4,2020,198416.7,195504.1,44026.1,2021-04-24 22:13:08,0,,
570,Bajaj Finance Ltd.,2021-03-31 00:00:00,5148.9,602587339,4,2020,60061.8,48494.9,11608.5,2021-04-27 00:00:00,0,,
571,Bajaj Finserv Ltd.,2021-03-31 00:00:00,966.78,159137444,4,2020,2507,990.9,1687,2021-04-28 00:00:00,0,,
572,Kotak Mahindra Bank Ltd.,2021-03-31 00:00:00,1754,1981835668,4,2020,64488.6,62821.2,16823.7,2021-05-03 18:53:04,0,,
573,Canara Bank,2021-03-31 00:00:00,152.25,1646738220,4,2020,163374.3,200297.6,10108.7,2021-05-18 00:00:00,0,,
574,State Bank Of India,2021-03-31 00:00:00,364.35,8924611534,4,2020,651016.4,748762.1,64507.5,2021-05-26 10:59:58,0,,
575,Bank Of Baroda,2021-03-31 00:00:00,74.15,5171362179,4,2020,166845.2,225484.4,-10465,2021-05-31 00:00:00,0,,
576,Max Financial Services Ltd.,2021-03-31 00:00:00,859.35,345090302,4,2020,2431.1,1678.6,756,2021-06-08 17:09:07,0,,
577,L I C Housing Finance Ltd.,2021-03-31 00:00:00,428.1,504663000,4,2020,49676.9,46156.9,3989.2,2021-06-15 18:51:48,0,,
578,Housing Development Finance Corpn. Ltd.,2021-06-30 00:00:00,2474.25,1805753249,1,2021,116574.7,86624.7,30006.7,2021-07-19 11:45:38,1,,
579,H D F C Bank Ltd.,2021-06-30 00:00:00,1498.05,5526719098,1,2021,304829.7,290418.3,77296.4,2021-07-19 11:45:38,0,,
580,Bajaj Finserv Ltd.,2021-06-30 00:00:00,1211.66,159137444,1,2021,228.9,404.5,3.7,2021-07-21 00:00:00,0,,
581,I C I C I Bank Ltd.,2021-06-30 00:00:00,630.85,6925037357,1,2021,203834.1,197632.5,46160.2,2021-07-24 18:44:58,0,,
582,Bajaj Finance Ltd.,2021-06-30 00:00:00,6016.15,603594345,1,2021,59161.4,50742.8,8429.2,2021-07-26 00:00:00,0,,
583,Kotak Mahindra Bank Ltd.,2021-06-30 00:00:00,1706.4,1982675781,1,2021,64797.8,62114.8,16419.2,2021-07-26 16:37:19,0,,
584,Canara Bank,2021-06-30 00:00:00,151.85,1646738220,1,2021,167843.7,197628.1,11774.7,2021-07-27 00:00:00,0,,
585,L I C Housing Finance Ltd.,2021-06-30 00:00:00,469.95,504663000,1,2021,48571.1,47056,1534.4,2021-07-29 17:53:33,0,,
586,State Bank Of India,2021-06-30 00:00:00,419.25,8924611534,1,2021,655644.3,708631.7,65040,2021-08-05 01:35:57,0,,
587,Bank Of Baroda,2021-06-30 00:00:00,85.95,5171362179,1,2021,170526.4,187072,12086.3,2021-08-07 00:00:00,0,,
588,Max Financial Services Ltd.,2021-06-30 00:00:00,1061.35,345106768,1,2021,1574.9,607.3,975.2,2021-08-10 14:46:50,0,,
589,Housing Development Finance Corpn. Ltd.,2021-09-30 00:00:00,2754.6,1808209833,2,2021,122174,84473.4,37805,2021-10-18 17:48:07,1,,
590,H D F C Bank Ltd.,2021-09-30 00:00:00,1595.5,5537451890,2,2021,313533.7,299198.5,88343.1,2021-10-18 17:48:07,0,,
591,L I C Housing Finance Ltd.,2021-09-30 00:00:00,427.1,550063000,2,2021,47080.1,44671.4,2478.6,2021-10-22 16:39:41,0,,
592,I C I C I Bank Ltd.,2021-09-30 00:00:00,700.8,6934409997,2,2021,212336.4,205198.7,55109.5,2021-10-23 17:16:07,0,,
593,Canara Bank,2021-09-30 00:00:00,173,1814130252,2,2021,170636.9,199988.8,13326.1,2021-10-26 00:00:00,0,,
594,Bajaj Finance Ltd.,2021-09-30 00:00:00,7670.7,603594345,2,2021,68110.3,55058.1,13057.7,2021-10-26 00:00:00,0,,
595,Kotak Mahindra Bank Ltd.,2021-09-30 00:00:00,2004.1,1983087703,2,2021,65962.8,63768.6,20320.1,2021-10-26 21:03:17,0,,
596,Bajaj Finserv Ltd.,2021-09-30 00:00:00,1778.85,159137444,2,2021,3490.8,1289.1,2384.9,2021-10-28 00:00:00,0,,
597,State Bank Of India,2021-09-30 00:00:00,453.05,8924611534,2,2021,694814.9,700625.2,76265.7,2021-11-04 03:02:10,0,,
598,Max Financial Services Ltd.,2021-09-30 00:00:00,1010.85,345114771,2,2021,142.9,123.9,35.3,2021-11-09 19:07:57,0,,
599,Bank Of Baroda,2021-09-30 00:00:00,81.75,5171362179,2,2021,166915.3,181828.9,20878.5,2021-11-10 00:00:00,0,,
600,Bajaj Finance Ltd.,2021-12-31 00:00:00,6976.9,603594345,3,2021,75271.8,55958.1,19338.5,2022-01-18 00:00:00,1,,
601,Bajaj Finserv Ltd.,2021-12-31 00:00:00,1639.02,159137444,3,2021,2220.3,1031.3,1685,2022-01-20 00:00:00,0,,
602,I C I C I Bank Ltd.,2021-12-31 00:00:00,740.25,6943351843,3,2021,220826,208758.6,61938.1,2022-01-22 18:05:03,0,,
603,Canara Bank,2021-12-31 00:00:00,199.9,1814130252,3,2021,177006,198101.5,15021.2,2022-01-27 00:00:00,0,,
604,L I C Housing Finance Ltd.,2021-12-31 00:00:00,369.55,550063000,3,2021,50542.9,43030.6,7673.3,2022-01-27 19:36:21,0,,
605,Kotak Mahindra Bank Ltd.,2021-12-31 00:00:00,1796.3,1983899969,3,2021,68968.2,64764,21313.6,2022-01-28 18:10:06,0,,
606,Max Financial Services Ltd.,2021-12-31 00:00:00,978.2,345114771,3,2021,132.6,123.7,24.7,2022-01-28 18:26:51,0,,
607,Bank Of Baroda,2021-12-31 00:00:00,81.95,5171362179,3,2021,179630,182852.3,21970.3,2022-02-05 00:00:00,0,,
608,State Bank Of India,2021-12-31 00:00:00,460.45,8924611534,3,2021,696781.2,699196.6,84318.8,2022-02-05 21:13:17,0,,
609,Housing Development Finance Corpn. Ltd.,2022-03-31 00:00:00,2388.65,1813028276,4,2021,123009.6,86091.1,37003.2,2022-04-18 14:30:39,1,,
610,H D F C Bank Ltd.,2022-03-31 00:00:00,1469.95,5545540976,4,2021,334487.2,310306,100551.8,2022-04-18 14:30:39,0,,
611,I C I C I Bank Ltd.,2022-03-31 00:00:00,730.25,6948771375,4,2021,226749,203936.1,70187.1,2022-04-23 18:22:18,0,,
612,Bajaj Finance Ltd.,2022-03-31 00:00:00,7259.1,605429233,4,2021,76162.2,53513.2,22679.5,2022-04-26 00:00:00,0,,
613,Housing Development Finance Corpn. Ltd.,2021-12-31 00:00:00,2586.85,1811011813,3,2021,117836.6,85315.2,32606.9,2022-04-26 16:16:16,0,,
614,H D F C Bank Ltd.,2021-12-31 00:00:00,1479.8,5542399476,3,2021,324680.5,303094,103422,2022-04-26 16:16:16,0,,
615,Bajaj Finserv Ltd.,2022-03-31 00:00:00,1705.22,159137444,4,2021,298.3,322.8,168.7,2022-04-28 00:00:00,0,,
616,Kotak Mahindra Bank Ltd.,2022-03-31 00:00:00,1754.7,1984661760,4,2021,70659.4,64955.6,27674,2022-05-04 22:28:05,0,,
617,Canara Bank,2022-03-31 00:00:00,227.6,1814130252,4,2021,178615.9,206568.9,16662.2,2022-05-06 00:00:00,0,,
618,Max Financial Services Ltd.,2022-03-31 00:00:00,753.9,345114771,4,2021,146.6,162.3,-9,2022-05-10 19:26:33,0,,
619,Bank Of Baroda,2022-03-31 00:00:00,111.6,5171362179,4,2021,181736.1,189171.3,17787.7,2022-05-13 00:00:00,0,,
620,State Bank Of India,2022-03-31 00:00:00,493.4,8924611534,4,2021,707332.5,734998.7,91135.3,2022-05-14 12:48:10,0,,
621,L I C Housing Finance Ltd.,2022-03-31 00:00:00,359.5,550063000,4,2021,52996.6,41899.5,11186.4,2022-05-19 11:57:13,0,,